,pmi,trade,ip,oil,fin,ai,copper,usd,factor_static,factor_smoothed
2008-07-01,47.68014999999998,0.1705155440063999,-7.10967679435287,75.5344517510241,-3.0507735055808323,-1.3120473347142594,3.966700407083557,10.202332778020972,-0.1467941179258048,-0.448661607961779
2008-08-01,45.78402499999999,-0.6349864525108551,-4.973741853641844,61.78476643714043,-2.5959866945136176,-1.2642313243752576,2.036289681377945,6.021335405126493,-0.314705222855593,-0.7035244806767609
2008-09-01,43.76617499999998,-2.868457885257225,-8.592330363536771,30.24245039905391,-3.793004115597689,-1.4262578514170623,-9.062933985255706,1.3086916365633416,-1.0493338457093173,-1.3255894574476492
2008-10-01,41.78797500000002,-10.15867257084986,-12.1814027215286,-10.233055081324238,-7.673844574082202,-1.5590162070013132,-39.09914754324506,-6.7617992443171016,-2.465642306931373,-2.240491544831036
2008-11-01,40.11077499999999,-30.559108811362652,-20.303420976038343,-40.26904191844544,-7.857242246177706,-1.6039496572012688,-46.15386747385203,-14.223858479950868,-3.372425079966842,-2.952077917001331
2008-12-01,38.94349999999999,-41.93872790441737,-27.51314007378983,-52.97232194600005,-6.5734713130946,-1.5551042619196913,-54.06634392807729,-8.260381874476685,-3.5227724067239063,-3.2910701592298546
2009-01-01,38.38965000000002,-52.04863342374557,-32.326549844138995,-50.25127321921612,-5.604854860293162,-1.4756421208336856,-53.82239327050542,-10.827074366644515,-3.6737912957847474,-3.41807403025136
2009-02-01,38.5117,-39.00142232301668,-23.54248897682317,-52.930749769835664,-5.716182500165721,-1.4873615482729683,-58.03388276388678,-14.380943394132029,-3.4558785057540784,-3.266447470795055
2009-03-01,39.23279999999998,-25.286465879089228,-15.010472703596566,-53.298537191483966,-5.618960724279506,-1.3323618068505705,-54.94769103834187,-19.329199847082144,-3.100552527434872,-2.9103423128300663
2009-04-01,40.454775000000005,-3.786330477721689,-1.8636699656087048,-52.92946351287026,-4.77457032784589,-1.3326030832140023,-48.059350023495305,-18.212964232723383,-2.290274334780979,-2.3525188086979547
2009-05-01,42.00402499999999,-2.053043932387655,2.2229195533217228,-52.8870996609765,-4.011191008623367,-1.3627778155865815,-44.19699476987091,-12.684566325678336,-1.851563377356334,-1.8819485139003573
2009-06-01,43.71504999999999,7.807411562321853,7.723192304344972,-48.22212407472779,-3.655260806832005,-1.2539849344343377,-38.11521838133678,-9.447530696612816,-1.3044592216872268,-1.3935184056174896
2009-07-01,45.43795,15.79396787284919,9.904386782898712,-50.85704735682097,-3.2817467264654305,-0.8787316832404878,-36.54428667922647,-9.583787845862249,-0.9177816361341602,-0.9496809662991543
2009-08-01,47.05165000000001,18.9999581002851,8.755723635907087,-36.62949132583066,-3.178188744858064,-0.9219133660813912,-18.21117052746544,-3.138441545515347,-0.46853212712486125,-0.4701100097086448
2009-09-01,48.48187500000002,23.81943369046555,11.2665664244203,-32.047024307754,-3.126700277729187,-0.3900345835092983,-10.440672877505264,1.6056696983276495,0.03297263214902875,0.06881469988704969
2009-10-01,49.6885,21.041515401958712,8.987667543907119,-0.1486694084950168,-3.042107040464336,0.1552807602666896,31.70294122705708,8.542621315640474,0.737436853562956,0.7415437033642402
2009-11-01,50.66199999999999,19.143754171067663,9.689522554575223,41.14214949410824,-2.983306056226819,1.0504920700678348,80.1393113094154,12.83678749255218,1.5993112460980168,1.447286134988786
2009-12-01,51.40650000000001,15.94124992620598,7.180730998559093,74.98431256272518,-2.6642026990157155,1.3159217603186766,129.6671078802117,7.598820795745464,2.0335759503941957,1.8941082883020663
2010-01-01,51.92499999999999,7.512311031265062,9.770753878669147,68.04989338546117,-2.5893942353641037,0.9422705116537896,125.75003570864756,7.467649113836283,1.862299947232406,1.9413599964955017
2010-02-01,52.22100000000001,12.94918313601412,7.997041187151033,68.13975967288013,-2.8273264575079406,1.3272787579304963,107.06287266959768,7.390696745579605,1.8423535031459555,1.8959899112807437
2010-03-01,52.33975000000001,9.997851272140966,11.011974113405088,66.49359394010031,-2.228669717920969,1.1023458286614871,97.75526923015,6.693267940349712,1.811333124125876,1.768245426228545
2010-04-01,52.289749999999984,13.102765662762897,9.65452703034022,64.95699274763167,-2.1856319355770832,0.7830073223246066,71.9914339654544,4.7137877364186735,1.5291387236568252,1.463049525978532
2010-05-01,52.117,20.250213720104718,12.52438006435308,30.8283712843332,-4.005107369047178,0.3757869409961224,47.46394541933199,-3.895401085556016,0.82180253441406,1.0044715136267766
2010-06-01,51.914750000000005,17.494903940482143,5.100073807367167,9.062572865070797,-3.752587693071293,0.2297015620129044,28.62773556659308,-8.092847200895047,0.31925723369534886,0.6123664439429906
2010-07-01,51.78425000000001,12.861817766155092,2.656840570818053,14.58035543173326,-3.206800060476072,-0.1011294687270251,28.45120613642638,-4.505505012839062,0.3026419991381039,0.42581553637204267
2010-08-01,51.78999999999999,2.9293853307290174,0.28870501893965,5.55435913808966,-3.104026760678294,-0.5576635000709276,18.11797614233903,-4.717128426613981,-0.08352823089188838,0.23415485368176078
2010-09-01,51.933250000000015,-1.2712043124584849,3.546939155321871,14.975576189578232,-2.8245190734510874,-0.3580719994159134,24.98202608945146,-5.292611028882432,0.0883707235142816,0.31764280673406553
2010-10-01,52.17875,8.32464637235628,6.008611712166578,13.025662639997226,-2.555548540103154,0.2099008332600513,31.0762450655552,-1.905205271558708,0.5563803429364993,0.5509991824739163
2010-11-01,52.4755,10.50159899037084,7.01005243539512,11.016112610930096,-2.520725152607148,0.2157976758241983,26.579628102422404,-4.033495800302878,0.5429489468925051,0.6329219373707086
2010-12-01,52.75475,8.784078361655023,7.270250371624298,22.57282680412058,-2.203852745975229,-0.1375689239353146,30.80564707645379,-4.244161309095684,0.5787228219071874,0.7056453071252635
2011-01-01,52.95825000000001,8.12722813865685,7.224780464861347,25.682768654061476,-2.171986286764928,0.6169561872714716,30.15938612220812,-1.6771134145552091,0.8200471487957812,0.8321346771846565
2011-02-01,53.02900000000001,2.0880664141758265,4.018749717231085,38.75598183073148,-2.186348706989912,0.5015536807634765,44.00104490694541,2.9606815914401063,0.9042216959234775,0.8791926954732653
2011-03-01,52.93949999999999,6.761389855394095,2.148433943313366,43.43509867505127,-2.599469300698268,0.0141696493822411,27.217026649683284,5.43159484477539,0.7147886352903544,0.776305569774419
2011-04-01,52.6905,-1.2491360867409873,-2.511636088616853,43.49278058227375,-2.03758167557194,0.0213227198652338,22.311509058762404,8.0119766631917,0.6034822796152134,0.7095013686873529
2011-05-01,52.29949999999999,3.839692204134093,-0.0277100360335569,49.3702204635291,-2.12130121805345,0.147250170765025,30.581624005243118,12.206992696574916,0.8883484420525738,0.8001775464668142
2011-06-01,51.79600000000001,-0.9935533158238918,0.8811492913114449,50.766214407521424,-2.4024977049318177,0.1437447589460996,39.90605882510365,13.723781975270398,0.8731007358995915,0.8005836035039416
2011-07-01,51.22975,5.943634061839798,4.690047292797028,55.105002036564834,-2.411819839840673,-0.2450854927297787,43.6316524371783,10.007738577741476,0.8830644463398101,0.7122228681483409
2011-08-01,50.66524999999999,4.536631200307384,4.241474580844096,42.533568795886346,-4.393912466004442,-0.0977708563606271,22.85507606737971,9.631962130675989,0.3694102261695036,0.3830738687065347
2011-09-01,50.1925,4.756348780387443,2.3161108685814336,40.39134039025753,-4.582175457452805,-0.6539509690323454,6.247504596312603,5.047716323826624,-0.06871609876621135,0.022980210186641314
2011-10-01,49.8657,-0.0644850630633686,-1.5536788086426667,30.58950874703088,-4.117942994443942,-0.462098239743112,-11.383787069792584,0.3946736389113026,-0.3844529360846308,-0.25729192715635174
2011-11-01,49.689799999999984,-2.4974646424364644,-2.859549154757401,28.620670086129564,-4.006663363971492,-0.6904224622418822,-10.407952660469244,0.617902662120462,-0.4857509193696948,-0.3824192177928864
2011-12-01,49.63265,-0.5999536959384932,0.1022343053820096,16.853929736204055,-3.141872049381761,-0.8794384752388751,-17.690746367665554,0.5467436270067738,-0.43014461946645954,-0.39849555348552257
2012-01-01,49.63450000000002,-0.5342803082860281,2.191123985029786,15.166073544518754,-2.537318509617232,-0.7675065862951829,-15.552077411148456,-1.4176333838227473,-0.31360152976276606,-0.34318569055775144
2012-02-01,49.616425,0.1726823997131088,5.951032795237499,14.496912279833673,-2.310593032880208,-0.7766318169953993,-14.37849694808071,-1.477023510570774,-0.19975524194847075,-0.2862797370148304
2012-03-01,49.53477500000002,4.943854900232503,2.6109175576378485,8.63064985706028,-2.027957334074474,-0.5615365002837613,-11.113819309282691,-4.256482503913905,-0.17482258588863855,-0.2895913121898608
2012-04-01,49.38300000000002,-0.2398622916336745,1.7851543774477063,-2.0837177900410286,-2.2356450381983297,-0.7906821615636557,-13.595469302789596,-6.258991942309966,-0.4580121943163476,-0.41749537302611833
2012-05-01,49.193,10.286476230835229,-0.3554785520329395,-3.563838103737693,-2.6343831429470823,-0.9933866838409696,-11.964542032811554,-7.984937884490129,-0.4979218960387574,-0.48855835906328765
2012-06-01,49.00759999999998,2.0235517590499352,-0.1273877766682196,-15.780849726523993,-2.650581208974356,-0.7381282962487955,-18.53287520619551,-10.076950898695824,-0.7060177068956835,-0.5865490878843159
2012-07-01,48.87337500000001,3.634855960317096,0.8053312330540852,-12.1705635492524,-2.203312449597979,-0.5935854991899082,-21.86256637244536,-11.116844467024167,-0.6087782989238247,-0.5651295924448534
2012-08-01,48.816500000000005,-6.191616000783784,-0.8319943374845873,2.514220655547139,-1.968035605392643,-0.2321932054492881,-16.195486187059526,-10.673288972531148,-0.5527928902540059,-0.48644423592684577
2012-09-01,48.8532,1.322255490947466,-1.8242205205165285,2.196303159629287,-1.917255582250596,-0.1869486238473307,-0.5111089309501438,-3.6676414937304,-0.18787039928870403,-0.3015477734866828
2012-10-01,48.97635000000001,-1.3153623171964224,-2.0969247303630034,2.320619633454113,-2.041619530552464,-0.7102960829934281,10.563194118372522,-3.310003777591919,-0.2724071410121136,-0.2631310419281038
2012-11-01,49.17210000000001,-0.6434046272884131,-2.142133392552048,-1.2277549847306668,-2.095019406603967,-0.5620168677299405,1.783886892267872,-3.586799565421339,-0.3091238399422993,-0.24714845899773585
2012-12-01,49.42640000000001,-3.8411035736283794,1.1890706757033964,1.4666540172241227,-2.17092007467625,-0.4112466474695764,5.581282550147648,-0.1847371393049579,-0.14065694056715103,-0.15645066416516543
2013-01-01,49.70727499999999,5.649181401712444,0.8179984750926517,0.7204916919620885,-1.694042459777201,-0.5419226712374231,-0.0345920494539964,0.4916873652251796,0.009579336295770138,-0.09390999085545505
2013-02-01,49.979425000000006,2.621133563395195,0.6204199476330885,-2.460177158010524,-1.7652140074355722,-0.5519027298876259,-4.664217486387113,-2.12052689698643,-0.1348569987038934,-0.13329722045851872
2013-03-01,50.199,4.421351494151482,2.451815236891708,-12.063169813444574,-1.6346186658163944,-0.5814024557539211,-9.71492337001264,-3.883335704661284,-0.16482831479667587,-0.14809871530510468
2013-04-01,50.367500000000014,0.2957122694081215,3.593863709944767,-14.04280248275972,-1.751998210542361,-0.3480530125365141,-11.884172531880266,-3.933804969008259,-0.17887507005081865,-0.12072985869825412
2013-05-01,50.503,2.6968851040859887,4.050297040582152,-6.535832033274813,-1.692587174437771,0.2603494287398273,-7.599222674230955,-2.827517382749334,0.10274434559972061,0.00383374295886949
2013-06-01,50.614750000000015,-2.8082659715534475,0.7007977970951984,7.5218425224846674,-2.1664671099492883,0.0847536161761896,-5.022865810231192,0.449982093372081,0.011232979243508284,0.0142580267985975
2013-07-01,50.7095,-0.4299186188501336,0.4519456050293913,4.498761301942333,-1.7529104983605566,0.1772570505619941,-8.629594396471173,0.3347546142944413,0.08359307195376206,0.0497843419070442
2013-08-01,50.8005,3.053615564072309,1.743665084666235,-1.9226033379517005,-1.7824449281227066,-0.1016044851965769,-3.984864857456294,0.8254413053363052,0.11037656925290434,0.09086509366987382
2013-09-01,50.87675000000001,5.963983366327419,3.799899958764952,-1.1496764197840623,-1.842905083527592,0.2963835545315315,-11.976979403745236,-1.68552438071925,0.16854680718404175,0.13672338703724896
2013-10-01,50.92025,5.460635029593952,3.7110650596638974,-1.8981899260192447,-1.932695395824602,0.5846103275972283,-11.211350797895305,-0.1987586666166052,0.2494194627496984,0.19271199364147143
2013-11-01,50.92475,6.191905675658282,4.025882305865092,-1.5904582153059676,-1.621134296920648,0.5313442425993554,-8.198584896924888,-0.1967668656035037,0.32007981986738293,0.22859694992004048
2013-12-01,50.88049999999999,3.916621716186386,2.7777045733343497,1.4191972860986055,-1.7802348716379552,0.6152102240924836,-7.780454895226097,-0.6872824194249727,0.2640323982554045,0.20386119364155714
2014-01-01,50.79975000000001,6.454155124352923,1.7770679334634163,-4.514725474362868,-1.7863274836625311,0.2888900836633508,-8.51392577181851,-1.17209504651683,0.16011936910971813,0.14995910477871477
2014-02-01,50.7265,1.6137936173202585,2.093316992337657,-6.354542431944843,-1.9404942592506744,0.4077443097154278,-10.39153007696294,0.1834800887100085,0.10835921490389115,0.12693785815954367
2014-03-01,50.67550000000001,4.852927491880243,2.006092576797736,-1.518352000855694,-1.8610514818625423,0.4731322409348827,-11.368725124735304,3.334349414579496,0.2561067732765666,0.18006344390525555
2014-04-01,50.62725,2.3496063085353125,4.333454745375853,4.330620974498278,-1.7809516649370714,0.3314611525151141,-6.342293330845205,3.23740304191984,0.2997076410737828,0.21911618227231133
2014-05-01,50.57749999999999,4.339584766204996,1.3471202888397649,5.817025223307715,-1.5648434126663044,0.2806893809535132,-5.062072006895146,3.923141810340869,0.3168813494475888,0.23741754726656053
2014-06-01,50.5285,2.864860351279175,1.621771346341827,8.568565604939572,-1.447710129751138,0.5136437196598314,-2.566257203817268,1.7203531367259606,0.34968374504789607,0.2502588909570575
2014-07-01,50.48649999999999,3.0213423591340938,0.9252449278101648,0.4595732178038103,-1.542406129455063,0.2567510236620864,2.662395697842368,2.707853832787266,0.28859061294588456,0.21772517403196587
2014-08-01,50.45774999999999,2.4690520241631875,-0.9820286420668012,-6.5073799002381305,-1.693027031085608,0.6617626767040025,-3.783736891915135,-0.4688060963174978,0.1705497988430496,0.1457701204795635
2014-09-01,50.44274999999999,9.757083330950245,1.6008930938748334,-11.73750592387808,-1.6892042075439238,0.3454661715670465,-5.539485750553186,-4.06551176040999,0.1362767563353185,0.07877993590125468
2014-10-01,50.43375000000001,5.918212508150544,0.4055618937914396,-19.65542993834942,-2.259865117150694,0.2328343439103602,-7.499983680343247,-7.267016045336083,-0.16212421844395955,-0.0529781637089301
2014-11-01,50.42725000000001,6.171670591265044,3.9021589787450406,-25.815704425828613,-1.6824922843436172,0.4738058312314854,-6.179202382487492,-8.515685264160734,-0.000574358800868563,-0.08354433174748449
2014-12-01,50.424250000000015,0.2193536299755827,2.9249838781802984,-42.984793995683255,-2.0460885277030805,0.293914599441442,-13.274706026105354,-11.02044416462178,-0.36987211021097444,-0.2797329572709137
2015-01-01,50.4215,2.595653848373458,0.9778013676570608,-53.65650012360816,-2.3982727634937597,0.1417997345361339,-20.92065501215643,-15.056982922452388,-0.643848655580557,-0.4517346369911341
2015-02-01,50.41049999999999,2.538722264128812,0.9002839437138421,-46.239888943025306,-1.9949598529856216,0.2441498238259591,-20.143856576525,-17.401171669456804,-0.5806449903483185,-0.5036340163561255
2015-03-01,50.37775,-4.817932781314605,-1.224508202850738,-47.212815883060976,-1.858048612171952,-0.0100309935092246,-11.8621077672029,-22.54613512666877,-0.8198366299690727,-0.5948546557586291
2015-04-01,50.29675000000001,-5.811350952704986,0.4679608669672985,-43.5778225506582,-1.6927283615145452,0.0092686477880428,-10.314012316670697,-22.213939437707,-0.7452770036173464,-0.5922442325931209
2015-05-01,50.13625000000001,-9.108961503159152,-0.5741150358506419,-39.93656377894024,-1.6731275125485483,0.1694525362893843,-7.619636147929921,-19.0658353182098,-0.6786856029668084,-0.5842522776130086
2015-06-01,49.88407500000001,1.053522882766056,0.261583851050573,-43.11143106531343,-1.7986946045911598,-0.3639697836169065,-13.638983457099918,-18.308282004967367,-0.7147533483710329,-0.6357944506770147
2015-07-01,49.562125,0.9263869812034198,1.5262840466021776,-47.56554941045458,-1.800348067468646,-0.3831248750621771,-23.054107834494896,-20.37865916182744,-0.8455303565796249,-0.7382009155137651
2015-08-01,49.22572500000001,5.322156728188587,0.6385647621981461,-53.33013756711982,-2.436981721857633,-0.7175318731766505,-26.10898609003636,-17.729794870143035,-0.9750469748677681,-0.8275422835398348
2015-09-01,48.92804999999999,0.0451518245879523,1.274289430636677,-50.70589731609101,-3.057770227679119,-0.7255736000546565,-23.330920690512137,-13.378137063377292,-1.0181349415104854,-0.8529779447531107
2015-10-01,48.69975,0.3104647582285347,1.1120999311351687,-44.0616304490102,-2.1060126900217964,-0.4719989360680319,-22.01103554576997,-11.723596593501329,-0.7663344001199837,-0.7940893376052112
2015-11-01,48.5174,-3.647214978461233,1.1694691686696013,-42.55313332688275,-2.0333168511422386,-0.6055229716749905,-28.573327821928697,-12.885880760056924,-0.9155304253487231,-0.8467425728170836
2015-12-01,48.35887499999998,0.1638209012619018,-1.62971941014457,-38.43780619352785,-2.261040153589404,-0.6656325236128895,-28.15411395168811,-10.293405951722058,-0.8943734643868528,-0.8466939118434933
2016-01-01,48.23460000000001,-2.591836221975663,1.3887145910423948,-35.16081894526578,-2.9750768173480395,-0.7374844898705142,-24.263967512730225,-6.502683331000991,-0.8765421564925644,-0.8108089603993021
2016-02-01,48.160825,1.4086209491420476,1.7900715589308946,-42.58008593387438,-2.8244414060329626,-0.9152858208054624,-20.90924473748821,-2.7923625198240654,-0.7645284573711697,-0.7249001087431507
2016-03-01,48.15954999999999,-6.242887691177335,2.780920761836736,-30.181147123877928,-1.9880458825445164,-0.6453132438000792,-17.59058113086346,1.653726489850238,-0.5013085676785415,-0.6014940312900185
2016-04-01,48.2171,-1.6501584877427369,1.1683159044330482,-28.833761611147068,-1.7937939153318274,-0.7354765346359273,-20.70215104551091,3.266762200595652,-0.4393272934378122,-0.5532761185896681
2016-05-01,48.31164999999999,-4.358669545065464,-0.011554337479902,-27.228170028818557,-1.8630823278528672,-0.7411402881096241,-27.02540886477308,0.7039417558497241,-0.5976781645647048,-0.5605786676602253
2016-06-01,48.43847499999999,5.070618512173941,2.2842561748787737,-21.626981995379424,-2.2295671128932755,-0.522865045576995,-21.591131404889357,0.5229885185217498,-0.36059662428784967,-0.40547612246730635
2016-07-01,48.608875000000005,1.3967305511131345,-0.3415964996765774,-18.17465179656217,-1.6505490380141024,-0.0065982337602726,-11.074009757163028,0.4019835431445684,-0.16681196399780251,-0.21773402529020283
2016-08-01,48.82102499999999,8.603565703725135,3.217102781511194,-2.171144598888275,-1.555351324207607,0.3780843205173388,-8.240038125071592,1.0356033207625237,0.21419757265836437,-0.004726634096256437
2016-09-01,49.079349999999984,3.435345578276228,1.416325852403855,-2.3439189950781425,-1.783639565755155,0.5962062232144958,-9.830862655237771,0.3058306228429508,0.11323790686980509,0.03890018271313353
2016-10-01,49.36142499999999,5.172596011212804,2.9625274383817235,4.056579121882353,-1.8295132830588667,0.1688726412423083,-9.725587551702464,-2.1155801514669337,0.05507585161590263,0.09975738320264137
2016-11-01,49.64279999999999,6.973570326166279,5.102814202028361,2.617249434097224,-1.9111661122574064,0.3393824708840997,14.33625196868511,-0.6790664158192516,0.35806905679200335,0.3385482929307687
2016-12-01,49.910775,12.14593366639034,5.948303769277241,40.627752299210826,-1.5644850331060394,0.5386944713310714,23.27748188638237,-3.741573280649368,0.7121193093076175,0.587811889197311
2017-01-01,50.15125000000001,8.776396914297479,2.8551573050938472,72.06885326343337,-1.4561232996994349,0.992382990187464,30.315682014324928,-2.11970895427478,0.9559691230458149,0.7349266714866107
2017-02-01,50.36449999999999,-1.1218996526079494,0.9643351455108196,66.66470820747945,-1.4463426013646823,1.037375184395539,29.84087760972265,-3.703109928091508,0.746871564168851,0.6718645074323565
2017-03-01,50.55724999999999,1.957090500204206,1.4427262820113862,32.08515867080597,-1.492415196754287,0.8845070708145742,18.355806301927547,-4.674429597937402,0.5212583007175899,0.5673873108799042
2017-04-01,50.73975000000001,1.9711079473177184,3.992490045097541,24.044900109654183,-1.6477663411946657,1.0372085159017892,18.479346906113147,-5.9758748176868215,0.5319189202023773,0.5685152451314562
2017-05-01,50.92825000000001,9.33250625057671,4.2570135217851135,7.562986911333791,-1.3625195745763137,1.042784287346644,20.725027846296666,-3.963876757407258,0.6810147325532917,0.6293557574123053
2017-06-01,51.13575000000001,1.489449897169659,3.8386849311247806,-4.780632627875104,-1.3187880275772386,0.8896549590557523,24.037097258351903,-2.4044682884072577,0.552985064390244,0.6228865003883431
2017-07-01,51.35475,3.5812317815731243,3.556054213618132,6.031599914555264,-1.287537373655162,0.6767727341642358,23.62588343382812,1.7722434187372629,0.6783068163874839,0.6902650210175436
2017-08-01,51.579000000000015,1.8645891329439837,4.513072295082199,10.036222941195147,-1.5021773809910677,0.6073922826214929,38.199097280511786,2.3106666046690427,0.7706621601913738,0.7926006568111239
2017-09-01,51.78474999999999,4.000794400111096,3.118890262724605,17.662243768318376,-1.3093005077743682,0.6409431900575246,39.603124395594726,3.2904511659455737,0.8837493040709662,0.8844879623441642
2017-10-01,51.95025000000001,1.0545642073837236,3.171785902728086,12.572794537167908,-1.270096070195696,1.0162225286774742,44.8178867025842,4.112436556253829,0.9771085938385923,0.958340091658329
2017-11-01,52.06025,8.794838139728945,4.254254346937714,33.46089853105685,-1.3221547078571467,0.7626558224448321,25.55583659672662,5.725217089414658,1.033755823160491,0.9652003548342617
2017-12-01,52.10799999999999,13.591664909677093,5.629900379982988,17.085687621452237,-1.287537379636415,0.5848040555431409,20.70320234589713,8.455103099073135,1.0493570972677106,0.9526023815787167
2018-01-01,52.10274999999999,11.801268628547422,3.5988220842285923,24.52844365456408,-1.3876203424079498,0.7490351454418357,21.99913999508718,10.262097161372264,1.0884448668904894,0.8982795331892083
2018-02-01,52.047750000000015,0.6980557309512969,-0.4194889096041931,17.48148283661419,-2.817885724120976,0.6486547750899154,17.562657917203307,10.885303868362172,0.5839526342060555,0.6673759073916081
2018-03-01,51.9295,-10.04944673560988,0.2483630325090358,27.241630403939364,-2.386269769409937,0.3848417609810769,16.11438631870792,10.800945269263485,0.4710204788274678,0.5511099885376876
2018-04-01,51.7465,-3.3808521709281503,2.1017612955179343,33.34036550101154,-2.2914162646849285,0.1520242342669854,19.38626148909708,9.747518008903343,0.5743000974927048,0.5707213281462971
2018-05-01,51.50549999999999,1.5835620694112595,2.8761384966679904,50.2969851002556,-1.7717258711496686,0.2318905846692645,20.20382077011107,5.056639355026327,0.7108721980407997,0.6160388762690715
2018-06-01,51.20474999999999,7.887269847906575,1.7602221970540288,59.82230366669747,-1.7157249671824049,0.2499465215940223,19.80109633115019,2.652429316454641,0.7569309828361059,0.5936782957835273
2018-07-01,50.84900000000001,9.562893620539526,0.9259921980234288,52.253388206737526,-1.6491841711650823,0.2216882909902187,2.288049970722872,0.2776500656180958,0.5403821338426392,0.4199416585497583
2018-08-01,50.4505,3.363947581996163,1.9078845235041664,42.413682552840434,-1.5738394900965893,0.2133728549523161,-8.95344828213812,-2.4745116525300315,0.2787996919371903,0.20092096358923656
2018-09-01,50.028000000000006,1.3011678028902909,-0.5753991463362085,42.241068263894334,-1.619444216586434,-0.0687857289810511,-9.77645329558655,-2.6163013780114985,0.09876855623786784,0.004917552134220057
2018-10-01,49.602425,1.7831059486070888,2.12546192029599,39.86268544243228,-2.427458407793514,-0.7295603369418598,-10.861999950586842,-2.276008216820813,-0.14207522472899792,-0.20327667096819446
2018-11-01,49.209700000000005,-3.760965021544449,-1.2978831872194951,5.346512459901209,-2.432083731152999,-0.6429820226729815,-11.09153033067053,-2.940817827222575,-0.44881333221652925,-0.41978332007069635
2018-12-01,48.86962499999999,-7.076625987777607,-0.123689748331468,-10.296332773581984,-3.1300232031778656,-0.7845283662554358,-12.17537968598974,-3.734730085564397,-0.7133120403694664,-0.5847914534899976
2019-01-01,48.612325,-6.411610008419211,-1.8404739487006272,-12.895056992151964,-2.4550803026422727,-0.7515542555512484,-16.036530257353366,-5.722486695141282,-0.7300082181126142,-0.6202314059211045
2019-02-01,48.44995000000001,-3.4998671218735566,-1.4060488382954373,-2.172433379886052,-1.9109837856926,-0.5945962653061873,-9.843556583762748,-7.4978885339138435,-0.5283523471410997,-0.5129339254668697
2019-03-01,48.358075000000014,5.384646420949379,0.8365891572354123,0.3271592530002865,-1.816969690842312,-0.4237982366245021,-5.448460982323178,-7.684644311619237,-0.2789457505574092,-0.36901575688135846
2019-04-01,48.29619999999999,-1.2082439435698422,0.9369883750723228,-0.1864602544543459,-1.624276167967458,0.1921041055117641,-5.42716328324545,-7.824762620917203,-0.21025265721438105,-0.3198225687423198
2019-05-01,48.24369999999998,6.976548461158938,3.1388046216245247,-8.895158858058183,-2.0975172397891644,-0.7365230395769997,-10.483099242826077,-4.7613005966411714,-0.341542669662959,-0.37929376094852607
2019-06-01,48.20245,-4.6800511889946055,-1.5793353565610957,-17.032909712752353,-1.9864037883967745,-0.2412308390587981,-14.074357674176706,-2.571976369109885,-0.47892903723177827,-0.43731273697506573
2019-07-01,48.17435,1.477781573062131,-2.508975972025252,-14.090301612236056,-1.6690394292363504,-0.1878347361996973,-3.75076608818542,-2.9263844696115537,-0.2787836296538516,-0.3755351772554285
2019-08-01,48.170225,-1.0405876347345575,-3.5686922688253686,-19.50795623799213,-2.380660418506668,-0.3523162147794902,-4.507929336819883,-2.642186358088572,-0.4934280698259136,-0.40674374310419875
2019-09-01,48.20709999999998,3.574248122260037,-0.3779650152016867,-21.08577535946605,-1.951658028728698,-0.1491442186416792,-3.5254313891154188,-4.074885347373392,-0.29126248769313867,-0.31339441785660027
2019-10-01,48.28777500000001,-0.5912070032435324,-0.2823366431951024,-26.04180329546164,-1.9400579483698044,0.5592417315016566,-5.352557007228887,-2.420835753426997,-0.17828653998043387,-0.22681530443205897
2019-11-01,48.40509999999998,-5.127512180059801,-0.4736936391598112,-5.407221873638457,-1.5708971949693198,0.5923417536809026,-3.5024366873433133,-1.3472010012998803,-0.05529093474593038,-0.1672619491838286
2019-12-01,48.52474999999998,-2.257640622389112,-1.6215646953211316,13.404921913971425,-1.7255806357951529,1.1315731085493828,1.8103247859970304,-0.5170301049999049,0.2046231121717213,-0.1798827717703635
2020-01-01,45.9723,-14.721461908219924,-8.002592641554818,5.785071045019952,-1.7486967013164345,0.6543115599045227,2.508430941009099,-1.5620269769414108,-0.398234698644001,-0.6642081219951566
2020-02-01,40.757075,-10.051835840126245,-7.015903756152264,-13.868576651838582,-2.4621757839274494,0.2309225269538996,-9.519422496000727,-2.472295826400117,-1.0017004869717934,-1.4368695666519091
2020-03-01,33.42279999999999,-22.23170939262651,-19.353172214896965,-49.67881691658638,-7.242273032309034,-0.3268306878859725,-18.36723724140463,-2.120358544524481,-2.8352607781494603,-2.6241149545463016
2020-04-01,22.504950000000008,-47.83001423621236,-47.62376211684155,-62.82010405790002,-5.199798257221106,-0.2353467041530486,-21.018729731757592,-2.6235854495711086,-4.135846614186996,-3.4074085272772794
2020-05-01,32.442475,-46.01867205914423,-41.82602797237829,-54.12435483241398,-3.875594746514356,0.7149887103944997,-12.967253712722773,-1.8530271675093468,-2.9113761430735665,-2.6121461110576147
2020-06-01,41.62907499999999,-17.72167387152882,-14.965761461577776,-35.320398484022334,-3.903509951175808,0.5449270427086184,-3.001000815969324,-0.2925766866723966,-1.3368191544939356,-1.138358345049698
2020-07-01,45.47817500000001,70.1270126989255,61.83263925214673,-32.70493218571764,-3.3667580941904807,0.5925955719618345,6.678848054463527,1.9019162860683725,1.7684194750638047,0.699491971278312
2020-08-01,47.61027500000001,75.811123484731,54.557904608655264,-24.3384464741101,-2.8711693111324106,0.9040050265060235,13.41500933276516,5.061254360841538,2.124716974313874,1.3198405243865117
2020-09-01,49.33029999999999,44.92880158666568,31.159536901981543,-32.978792461813946,-3.468005538155094,0.743289839581148,16.386532531527376,5.236163049522935,1.2225341239250263,1.1112069298251912
2020-10-01,50.34300000000002,22.783694996976656,18.94163719468951,-30.36629601697812,-3.692663470940052,0.5215318793172662,17.05060057755268,4.855386007909002,0.6693676785657714,0.859082751677673
2020-11-01,51.041750000000015,20.38467605834007,14.923797468597,-30.10702009422076,-3.1353344578054245,1.0217884073098902,20.671468445495943,5.552948217953658,0.8342724194572474,0.8726676661595053
2020-12-01,51.77050000000001,12.91688508364286,10.39118025427912,-22.947296118332773,-2.806515498777522,0.9270154975345762,27.593500586931064,7.048854562886209,0.8234944857956461,0.9153336550810017
2021-01-01,52.2205,12.057484422849418,9.322851670215517,-12.969215051193084,-3.124609653392488,1.1562322215622327,31.768126332887903,7.399586044435602,0.9036677764086248,1.032925186126846
2021-02-01,52.64225,2.9830507474936985,3.128844663597974,12.401603717761,-2.902654036639336,1.477932634444832,49.44034440245839,8.287452405303297,1.0398604480504843,1.2541657015503482
2021-03-01,53.125,10.599737331690417,5.186729773986487,94.79378668043076,-2.7399030552357364,1.7564495915428966,72.71005861492132,6.906328774306203,1.7791947669098094,1.6748807970011046
2021-04-01,53.44850000000001,7.587943712782841,5.409574758293068,145.3062969433843,-2.184616518278352,1.4739631407934095,84.18314331488628,8.332499367716984,2.0989344941315657,1.8919626453058602
2021-05-01,53.566,3.800092513104691,4.675023486424612,111.61489154274165,-2.478677197633846,1.3568969607527983,94.1792507919716,9.27646639105648,1.9202035289396133,1.8292171691999646
2021-06-01,53.57824999999998,-2.7881833583376925,4.566799910000086,80.0423629573622,-2.126994700840042,1.2786728290472258,69.29334972384416,6.230073380427836,1.4857684126540955,1.539257289972854
2021-07-01,53.234749999999984,-4.337624160380161,1.1149585183689137,71.49584800872317,-2.2080909747527606,1.0663688443359638,51.94646643879306,3.1317191837697544,1.0947154841346767,1.2477655692852083
2021-08-01,52.94499999999999,2.865076681930301,2.723135709215052,56.62735737923188,-2.1923354310440795,0.9284458887101422,47.121181435127866,0.2625482511399712,1.020472278495422,1.106013533949744
2021-09-01,52.75224999999999,-1.7954626754617231,-2.9082057041039944,79.14491071265053,-2.486737955602939,0.7755898014526346,41.09650478067679,0.4760017732943544,0.8192660086164352,1.0000874112004055
2021-10-01,52.55524999999999,6.132545595393468,1.0745987581659788,101.6809719797215,-2.2414210713577627,0.987242077655228,45.60632206797077,-0.5835411895763531,1.1791634618523508,1.0925368197360543
2021-11-01,52.24049999999998,15.676097314069736,6.997827765330733,84.48533917155675,-2.320624930837924,0.7418956418609899,36.28557901585254,-2.862734371829867,1.1510882615042215,1.047764434434317
2021-12-01,51.87375,23.830824746108604,11.450914839896754,48.83689231558519,-2.678627837910293,0.6668758566507127,22.58450384045738,-6.272347515288934,0.9393709376105936,0.8617001997464606
2022-01-01,51.417,12.047450490439982,6.18513054402785,54.51591617754132,-2.9077309092769825,0.0557084611095644,22.299191089454997,-6.361984446155433,0.49930719544228996,0.5431499171777118
2022-02-01,50.86500000000001,0.302290731701027,5.221427935061196,51.11178956344467,-3.2297778271473483,-0.2185190199727044,16.596696015858004,-5.896492816877497,0.13449164096874394,0.22667027041986917
2022-03-01,50.24925,-11.68612092344471,0.739443722358768,71.17096388197469,-3.382844134229236,-0.281780569831712,14.52932932175266,-7.018679926517168,-0.1421993639550032,-0.038361774160965076
2022-04-01,49.62579999999999,-4.873440824407571,0.3016288989958315,62.12967371389186,-3.057313301572374,-0.7387088878249346,9.176245393722173,-9.958639767498113,-0.2893009020528172,-0.2357149594828506
2022-05-01,49.00929999999999,2.5350677926222254,-1.3130492145049688,63.34543408212532,-3.693551369489141,-0.6476669718216449,-8.328697784894956,-14.227085728921685,-0.5321471574802841,-0.4241371645439176
2022-06-01,48.444949999999984,10.960035687330215,1.8965612234180584,60.287051661467885,-3.524750375548871,-1.1562854569970284,-6.204950129946041,-14.065600582419949,-0.47359851082734244,-0.5058177580918578
2022-07-01,47.96497500000001,7.576404655900792,0.9824911742127184,41.19341008835031,-3.1194040856077168,-0.8818425516810958,-22.014532266836152,-15.6833052606292,-0.6728542313289887,-0.6616840546403971
2022-08-01,47.622775,1.6155376870961025,0.6100238102596967,38.61271985175839,-2.780860633501153,-1.115747274216847,-15.77932957666618,-15.462894185384537,-0.7499473221484777,-0.7801250053860452
2022-09-01,47.4175,4.113948607788864,0.5739259918226214,20.428429071912312,-3.437721704839148,-1.2666174358846856,-18.407890379740465,-19.08861012972116,-1.0280117109090894,-0.9357732823191001
2022-10-01,47.35845000000001,1.159421214491596,-0.561927717705546,11.75888616210372,-3.763795483623279,-1.297920744252283,-21.95542141018847,-19.14819223684565,-1.2095880960559793,-1.0336679949980752
2022-11-01,47.435975,-7.262920087453328,-0.4883800949966654,12.787140872167434,-2.939740987318644,-1.2101541176835824,-15.779801121919713,-13.507841458671589,-1.0148740118019504,-0.9814712616702873
2022-12-01,47.67060000000001,-12.39210208996806,-3.845347721870041,8.827891666413578,-2.7325327077439576,-1.3821529357229796,-11.921246768909665,-8.642121476478604,-1.0300521599378887,-0.9313138471952366
2023-01-01,47.97967499999999,-9.894238602859785,-1.2468877790934083,-1.9268764006948655,-2.5341826226711337,-0.9912963265751136,-6.968884783271633,-7.029014750505969,-0.7875253023030077,-0.7808228465856135
2023-02-01,48.321675000000006,-3.763616732942532,0.1225974952804298,-11.19195884776415,-2.516509374567838,-0.934559962196626,-9.192775958341093,-7.982718183756221,-0.7167590229674705,-0.66588741970966
2023-03-01,48.67517500000002,6.737643020265227,3.0252954046711134,-29.570680892834037,-2.7149794777482272,-0.7304039135701718,-13.521833458785215,-5.382957678895606,-0.5293430400746063,-0.5256848421671806
2023-04-01,49.00099999999998,-0.669500845141302,-0.3678544308765019,-21.288416376477304,-2.2350046535110333,-0.4955066440900156,-13.741011293583384,-1.0482829558582152,-0.4293721771832623,-0.41559581882731395
2023-05-01,49.31754999999999,4.563874140646784,-0.1498572714019652,-32.166626363370554,-2.2132034283147477,-0.2295000942972785,-11.944558162027386,0.4519401883437579,-0.2718485294949888,-0.26548448009729064
2023-06-01,49.60139999999999,-5.037614738652074,-0.9762799509325792,-36.32221013987576,-1.7553866012152572,0.7357808329204877,-7.985362840903154,0.7052693393550857,-0.10488456030893964,-0.08855725543033087
2023-07-01,49.81010000000001,2.914105050170845,1.3671364670213793,-23.25533642103333,-1.749078964017916,0.3474212924494236,12.944259991988291,5.331042042737044,0.2765472708745329,0.1368794358425144
2023-08-01,49.94557499999999,-0.5371784362675602,-0.5868109940906141,-12.928595292549772,-1.9886507358757248,0.5526475641264005,4.102470444017747,3.782603801608253,0.16039741808268507,0.17436519098051054
2023-09-01,49.98245000000001,1.6436320994505982,0.0924836641377879,2.703287707087787,-1.9117694147082704,0.8710699273558284,6.974016473983391,4.886825885479507,0.3984379631096061,0.268127834981341
2023-10-01,49.96205,5.360687250375862,2.5947308139971703,-5.22440367049839,-2.3692001375368186,0.4877563922873842,3.620736967770277,4.992115775658257,0.2900538083930571,0.24372611755372775
2023-11-01,49.92392500000001,-0.4160740564455811,2.1682414603717115,-9.97270450840526,-1.7657798818916353,0.395759466434926,1.2043051317169873,3.34002718682761,0.19127397330613236,0.20579461465590249
2023-12-01,49.8903,3.7445660403824688,2.018792613793763,-4.93896993539662,-1.5953572100451785,1.2284293407776885,0.9189848188596804,1.741441484784978,0.44148685132337906,0.259515266288386
2024-01-01,49.85885,-2.3367244287792244,-2.06500846672214,-5.581679437117238,-1.680244507769347,0.7924957405178855,-7.526178923025794,-0.2558248645402994,0.062314845240777114,0.1394781675761267
2024-02-01,49.827725,8.198372554282617,0.3527657036315856,-2.257796414394197,-1.7490789879429258,1.124439668110534,-7.1329484940422905,-0.4288065916568051,0.3306442069397731,0.21224248138755605
2024-03-01,49.78747500000001,-1.3044434716621645,-1.83920616805372,6.891494724349223,-1.729448236132308,0.9436394627584896,-1.7961078725205692,0.1381844893758699,0.20537502852745132,0.21511317372474312
2024-04-01,49.72977499999999,5.900324409926139,3.0458243441623845,6.7543750605566055,-2.0242512304029256,1.0422964294635235,9.012686539464788,-3.5843729521402468,0.3700373877586366,0.3207161757868231
2024-05-01,49.6659,-0.4084329801769648,0.7045496725227363,9.730693761212184,-1.6420136835835686,0.858006390248336,27.616682496506016,-2.2040972235886302,0.4198705751627766,0.38740538991795537
2024-06-01,49.615425,7.860120765516987,2.4045533807564468,10.628875055110695,-1.5901318043346944,0.8735975060662424,19.155951927845337,-1.992920700553591,0.523267621856628,0.3985708836378444
2024-07-01,49.613000000000014,1.6218226376512712,0.4933472787829851,4.184191100769463,-1.8150582946071905,0.5066585008289636,13.4728268834436,-3.239944920631399,0.1917750144895532,0.2734329450808118
2024-08-01,49.67739999999999,8.720368661011868,2.1560601128247425,-7.319656812021059,-2.422453398071783,0.6494181338809907,8.830253599231597,0.8572499217554319,0.2793949894571858,0.28158040882291707
2024-09-01,49.814075,3.1665166287629054,0.6399540150316074,-21.697487803898756,-2.2288714850717417,0.914535290526044,13.695546842339756,4.094690918780508,0.3126305291226563,0.3114298753851443
2024-10-01,49.993725,6.441349787515738,2.221452333897589,-15.02426086455355,-2.503810765454092,0.9912200562723918,21.80759426655272,2.8601662730260435,0.43547357170104384,0.34106126170312645
2024-11-01,50.16625000000001,-0.7242308114228768,0.3776489247912851,-10.509528442023107,-2.0221530586836134,0.4110960543832294,12.185500543736904,-1.2584221412899277,0.11028863302539792,0.18889265900606886
2024-12-01,50.28475,3.255014079046137,3.0509885716733187,-5.425777444795321,-1.9901907905020817,0.0127673169583429,6.670178312277364,-4.389236104242178,0.05213316308758574,0.11480584529081748
2025-01-01,50.32399999999999,4.70508259481186,1.337779627214175,-1.1790940791996718,-2.100550549342457,-0.0353732863931516,11.44297288090106,-5.471520622188453,0.043722828889561735,0.09881582062236494
2025-02-01,50.28849999999999,4.797268266542454,4.086911002652505,-8.188122849694713,-2.138947142446189,-0.5457513969699004,19.87655284247933,-3.1205725532539086,0.054351122088606096,0.09729429403530615
2025-03-01,50.19449999999999,14.173095576792116,4.590519649138924,-15.588825669694296,-2.739700504020777,-0.9150874643914496,23.548401740853357,-0.5434474019827107,0.07017248527565034,0.06622150052270676
2025-04-01,50.096500000000006,4.015081024423961,4.060914810397875,-25.329587016699676,-4.00970970131415,-0.8280657214766576,6.4642584395854685,4.453200931040458,-0.29858033514928123,-0.0963558609549535
2025-05-01,50.04999999999999,4.895868276736648,2.432506270950552,-22.91953907483145,-2.5660612692400915,-0.7665358367672941,-2.804679306800306,4.650902299799419,-0.15337301662348024,-0.09348278992835224
2025-06-01,50.05524999999999,-7.018251319336056,1.972902246465047,-16.33437092258665,-2.2848159639484957,-0.5309089773138799,7.841213789225465,6.471471966804343,-0.09183566126286603,-0.01036244543747128
2025-07-01,50.09350000000001,4.149138161895083,3.943703064819948,-16.919575145443066,-2.048540194163655,-0.3595822315196457,24.72557244953386,6.316506686674018,0.2872390909142829,0.17785404510154365
2025-08-01,50.15899999999999,2.3964559631106,1.0276236378614412,-14.724022457322594,-1.9756163067237544,-0.2769588063171384,8.4290101201133,3.886724655977214,0.08288646828713217,0.16857121415793203
2025-09-01,50.25025,9.884008233537656,3.20923874331398,-7.007205472396693,-1.978543167123698,0.1328132756884398,8.85510855297349,3.2991832299219204,0.3483837015264294,0.29328017031243053
2025-10-01,50.37025,0.966900467843934,1.0572149116305996,-15.154557255193424,-2.268700155239709,0.8004325416559991,14.487364062413398,4.400376969456898,0.3306809660556881,0.37418458871333304
2025-11-01,50.51974999999999,5.7889979620675325,3.854534693584277,-13.251496856358225,-2.4967036972503425,0.7062505951176763,20.24176627591752,5.759570220554744,0.4833872117670499,0.5072966537859831
2025-12-01,50.685,1.7891995477949951,2.564822070402828,-15.725639734159758,-1.9503010636061893,0.6963281944128632,31.408349372837677,8.06723810316342,0.6058104249064742,0.657545939866625
2026-01-01,50.84199999999999,16.90446281154392,3.199260812937399,-17.2466907519645,-2.012745349995298,1.1176977313979006,38.43230666289412,9.575673763490943,0.9984257929619174,0.8663502073635942
2026-02-01,50.94799999999999,19.426861008683677,3.563378566622477,-7.384099987457493,-2.413321801284215,1.3204939681166814,28.732912041708648,9.219937673347468,1.0016366306131446,0.8741251419178039
2026-03-01,50.98700000000001,7.093454077143435,-4.741327049570843,39.364108594264,-3.2107613849684093,1.4465366696510782,15.03924574172988,4.515787636535862,0.5915193364431378,0.7167466377094697
2026-04-01,50.977,-3.216675597724028,-1.84043911618621,54.18210188027792,-2.4851252390370995,1.929737132949624,27.15515122783989,1.9781838712982225,0.807557915899596,0.7653710858055944
2026-05-01,50.94375,-4.88743841840722,-3.2370906254423404,62.71881332286922,-2.1621575075848294,1.9634790637192496,34.97106584185998,1.36554523925404,0.8868883903065989,0.7751729591743542
2026-06-01,50.910249999999984,-4.88743841840722,-3.2370906254423404,22.01668487893538,-2.252889507804229,1.9459190175203265,29.61493189846749,-1.965984443818436,0.5871595032495263,0.6374153498041133
2026-07-01,50.910249999999984,-4.88743841840722,-3.2370906254423404,19.83490615675063,-2.1151453451526856,1.7826470200056237,15.27777462803459,-3.0949695902854124,0.43521972707089224,0.5096813846830048
