,pmi,trade,ip,oil,fin,ai,copper,yield_curve,usd,vix,equity,bank_equity,lending_standards,em_spread,housing,jobless_claims,retail_sales,consumer_conf,business_conf,covid_stringency,factor_static,factor_smoothed
2005-01-01,50.883,7.264837782484212,3.919063333400463,42.01411161000641,1.2526975891225471,-1.1088077677052115,30.798780311688944,0.9999999999999996,2.843608851871271,0.69284539898501,4.432735406186716,2.504055150040552,23.6,27.399999999999977,13.865160607130234,6.094182825484761,3.5951489353994948,1.4258966666666737,0.5019081481481606,0.0,0.5513205540369243,0.4514943768925564
2005-02-01,50.66299999999998,-1.3447152159672626,3.708135318973338,47.58665370910269,1.2760386650270807,-0.9143019680437064,17.907759654723797,0.79,3.05734196524764,0.9098261598289088,5.123412580571896,0.90981803639274,23.6,79.57894736842104,14.079195474544305,13.296398891966756,2.681415603473769,1.4091966666666735,0.3500081481481629,0.0,0.5449900067873854,0.4414764204416484
2005-03-01,50.405000000000015,-2.8746140493277395,3.7390817222929806,57.04142011834321,1.2293565132180135,-0.94917871953576,12.323180621659713,0.77,4.676783215165569,0.7317263445697547,4.828584367036326,-2.1304131408661053,23.6,72.104743083004,14.304425754860064,2.639296187683282,0.0,1.2859966666666764,0.155908148148157,0.0,0.47145006154811964,0.3952675343437545
2005-04-01,50.17524999999999,9.429696298856438,5.269962013723784,55.45563549160673,1.12827169987761,-0.9165510652188432,15.1166773492317,0.69,4.597037524183866,0.5649145457706879,4.474848731147829,-1.9068012644029688,24.1,39.38095238095235,14.264274507128729,6.956521739130439,2.21598239406946,1.148996666666676,-0.0180918518518495,0.0,0.48646182697113105,0.38395494425281396
2005-05-01,50.02575,13.48672641074664,3.172885721586227,28.34915611814346,1.078716800264908,-0.8973857471762037,18.862264496067315,0.4999999999999995,5.602759902410204,0.6263715242756073,6.319377520790948,3.9995778809624127,24.1,129.14999999999998,14.278966192050737,3.529411764705881,0.0,1.092796666666672,-0.0871918518518413,0.0,0.5586488571392304,0.4541519628449807
2005-06-01,49.9934,12.80957071072919,5.130359427271936,54.33361750497304,1.078716800264908,-0.9303304071671225,31.16674296816553,0.3599999999999999,3.708388131637552,0.8897585750109762,4.425686336383716,1.90525231719878,24.1,150.90909090909088,14.240907574240902,6.069364161849711,5.844464816751094,1.1274966666666728,-0.0111918518518479,0.0,0.676240909931606,0.5340536078902788
2005-07-01,50.05925000000001,0.5724083843866801,1.0488010379112067,50.065155069064375,1.0941578197094457,-0.1609578421661173,28.691475308268323,0.3099999999999996,2.532965812096788,0.992604947202882,12.02301855280834,5.803665472930275,16.7,179.76190476190476,14.21963790141405,6.086956521739129,4.896155282841286,1.0922966666666696,0.1507081481481549,0.0,0.7158591503681336,0.6173038703885104
2005-08-01,50.19874999999999,4.8856722919890405,3.935975569607608,48.94259818731119,1.0884123241021757,0.2600771778496696,33.436983942939456,0.2199999999999997,3.949078825664143,0.7543023774899295,10.51311309135694,2.942399667290485,16.7,165.14229249011856,14.289458166808622,6.489675516224192,3.1126084520850084,0.8991966666666684,0.3210081481481524,0.0,0.7769688646614132,0.6456285770645593
2005-09-01,50.405750000000005,6.7546230964376175,3.863899052885356,45.18211157215306,1.0367028636367477,0.1392599507555437,33.265166536550986,0.25,3.760799625955391,0.794437547125795,10.248703547524627,-0.9834735881577572,16.7,159.66666666666669,14.437670255545454,-15.680473372781067,-3.002466255686198,0.6646966666666714,0.5200081481481504,0.0,0.7233645791539212,0.619872212212157
2005-10-01,50.679750000000006,13.151028216602455,4.481789504020206,17.462866318747494,1.0314960082426592,-0.4305979138362931,34.775449499375895,0.1900000000000004,1.2537934639299086,0.5047117913168895,6.796142275703421,-2.3523421588594773,8.8,148.40000000000003,14.304975922953457,-2.6946107784431077,-3.83137736526169,0.646396666666675,0.6058081481481565,0.0,0.5443186035724188,0.544953955056567
2005-11-01,51.00874999999999,11.34796532628406,9.9133530347852,29.01277584204413,1.0512461493926493,-0.1701498800930922,36.715127449724605,0.1200000000000001,-2.272237485854256,0.8546403015795936,6.445621986335226,0.7459024438119632,8.8,136.35000000000002,14.060813813241936,3.939393939393943,3.08857638029727,0.8611966666666717,0.6225081481481567,0.0,0.6601882900860291,0.5781906107158115
2005-12-01,51.35175,18.48422616419758,9.282964391346106,43.03733602421798,1.0151572551094856,-0.2604113170190694,45.50477674100686,0.0699999999999994,-2.696073960113265,0.9662662421293452,3.001023169846184,1.748931208705784,8.8,118.6904761904762,13.54421640620096,4.242424242424248,4.896155282841286,1.1620966666666703,0.6299081481481608,0.0,0.7341630076029177,0.622184996068833
2006-01-01,51.66525,11.64776432958925,8.714275353830402,43.56368563685638,1.0508870559171948,0.4319231682516218,49.34794952681387,0.0199999999999995,-0.7135555410080485,0.8684367661419226,8.364726099875552,3.214321036494905,10.7,140.75,13.038626077252149,12.979351032448385,8.085914349677648,1.371696666666665,0.6415081481481621,0.0,0.8940862800698998,0.7150859556342237
2006-02-01,51.92350000000001,11.451843225478008,4.773389051098054,31.518876207199288,1.1207307368930686,0.0148015493609607,53.13028244767495,-0.0999999999999996,-0.695343210154431,0.8145051319437279,6.402459288800277,3.3785792133161463,10.7,149.00000000000003,12.206917661463113,6.709265175718848,3.95339802581014,1.4184966666666696,0.6999081481481539,0.0,0.7992331497740032,0.7235465659588178
2006-03-01,52.11500000000001,5.968127115719812,4.82413833711437,17.275810097965348,1.13401719548488,0.0198074892011732,50.99467671157485,-0.0100000000000006,-1.5465335201913843,0.9123346079311506,9.676517673366703,8.707150849354095,10.7,157.63438735177863,11.187503769374583,9.93975903614458,3.500764620803065,1.3855966666666717,0.7534081481481536,0.0,0.7811149212641337,0.7739829927888385
2006-04-01,52.2345,9.868002072037218,4.660034908734456,35.82722715001927,1.1181273091960244,0.4488782018867875,88.18140039122339,0.1000000000000005,0.0626214856822238,0.8922670231132178,13.291265073259284,12.255717255717258,12.3,189.13784461152883,10.047761194029858,4.361370716510904,0.4284942982891726,1.2889966666666766,0.8157081481481612,0.0,1.046255923255441,0.9020767896926365
2006-05-01,52.295750000000005,7.361652199683499,6.043068574245147,44.21614957879597,1.075844052461273,-0.329971951204927,147.63349850727892,0.1400000000000005,2.843404513100112,0.5661687698218089,6.5958875367184255,12.16641298833081,12.3,180.95454545454547,8.745202243873628,-0.304878048780477,0.860210102177561,1.1258966666666763,0.8124081481481511,0.0,1.0613544676332607,0.8816037575995531
2006-06-01,52.34275,7.042478099835803,4.687171496973352,26.79064628981771,0.9774524401867776,-0.417130013933861,104.2414026963142,-0.0099999999999997,2.6045105243264977,0.2563754291949701,6.620331897962783,8.741788782213234,12.3,111.36363636363636,7.19668204918511,5.230769230769228,1.2909999730091437,1.0361966666666689,0.7977081481481605,0.0,0.7638175700664139,0.7206152224020564
2006-07-01,52.421250000000015,-0.4720993661688766,3.263136127713317,28.34317471344219,0.9726046782681436,-0.91559277041377,113.38273094258496,-0.0300000000000002,3.270034834645974,0.455797053323178,3.441961464292076,7.874564459930311,8.9,78.5,5.906513941918301,1.5432098765432056,0.4280357717242999,1.0142966666666666,0.8225081481481595,0.0,0.6345829748851846,0.6294624086663568
2006-08-01,52.58424999999999,4.813270436721728,2.924853018256268,14.854111405835546,1.0584280189017363,-0.7154976997649996,102.6373510631295,-0.0200000000000004,2.6922651774146438,0.7041334154450972,6.841592028385768,12.089687910312088,8.9,82.43478260869566,4.672093556523738,0.9463722397476392,0.0,1.0444966666666744,0.8196081481481627,0.0,0.6878665320259799,0.6476329882416082
2006-09-01,52.85599999999999,6.757031064505914,3.771720898780728,-0.3334391870434938,1.087335043675813,-0.6928889556398212,97.06260498102564,-0.0499999999999998,2.254655008155315,0.8508776294262312,8.710866610786038,14.591439688715946,8.9,52.26428571428573,3.604624801632284,19.18158567774936,-0.8510589933498514,1.1839966666666726,0.7813081481481561,0.0,0.6753153177712223,0.6617713330794835
2006-10-01,53.22025,13.1216818636688,3.862053571856827,-0.2392344497607612,1.1104965728426193,-0.4027253570877095,84.74959110883403,-0.0699999999999994,2.9068992317727527,0.959995121873741,14.16144025318764,18.87579518197935,0.0,60.116666666666646,2.904004942987126,7.871720116618075,0.4275782254364646,1.3792966666666755,0.7396081481481502,0.0,0.7681690906646501,0.7045221508574635
2006-11-01,53.64925,10.628945739828357,5.948942903497123,5.293482175009001,1.1315035411566994,-0.5882758310860599,64.64324696557313,-0.1400000000000005,4.428708640426526,1.0214521003786603,12.097032365464043,10.560155869459308,0.0,44.58333333333334,2.187221727515598,-3.154574132492116,3.02845035615682,1.4839966666666695,0.7669081481481612,0.0,0.693009110536365,0.664815518539051
2006-12-01,54.10699999999999,8.261642337398523,6.942586052423372,9.894179894179889,1.1207307368930686,-0.6402967859464149,45.84729875589388,-0.1100000000000003,4.475000394751383,1.0038929636629692,13.619431382130752,10.981665393430106,0.0,50.509523809523785,1.7854181637278144,-2.215189873417711,7.0226312401653335,1.529196666666664,0.8355081481481506,0.0,0.6846911839070595,0.6346571043294434
2007-01-01,54.56125,4.3018597201491815,9.807716471818662,-14.582350165172253,1.190843737975533,-0.960469373327834,19.75633299748856,-0.1200000000000001,2.166200000000007,0.9938591712540028,12.35547778263859,12.21732464545804,0.0,46.89523809523811,1.2011847301447889,-7.118644067796609,2.149305304053173,1.5316966666666758,0.8825081481481618,0.0,0.4892752392315552,0.5489094024870536
2007-02-01,55.03,3.903987823896382,5.318508889873552,-3.604806408544736,1.2124791198716585,-0.8281814889904613,13.930033718689794,-0.1299999999999999,2.7290362753863877,0.9788084826405532,9.851170490215978,14.050220433199144,0.0,24.0,0.714714387036941,-10.95890410958904,2.5722159855434468,1.470396666666673,0.9491081481481558,0.0,0.46516621848968287,0.502240008085301
2007-03-01,55.49524999999999,-3.5560759406959463,4.856282478789464,-0.1767068273092364,1.1189352695157966,-0.7591280068989845,26.448553259453035,-0.0100000000000006,3.4017371632043325,0.4771188621922317,9.73332406570746,6.718442968092075,0.0,9.820158102766811,-0.1139075721414695,-3.0100334448160515,0.421273772055164,1.3962966666666716,0.9810081481481632,0.0,0.37489328400525257,0.46158968763738545
2007-04-01,55.93975,1.88086608121929,1.9670021253566985,-4.315729699034632,1.0686621829521856,-0.7009640338702599,21.583241752220665,0.0200000000000004,4.121872603227283,0.7568108255921709,13.105347891439866,6.389480507454404,3.8,24.702631578947376,-0.7161069820430854,-3.908794788273618,1.7075388065550312,1.3736966666666746,0.999508148148152,0.0,0.4633484175534305,0.5081756990803181
2007-05-01,56.32525000000001,1.3609532827845383,6.669762184634398,-3.860948853112967,1.0153368018472129,-0.4272298197788384,-4.529534443800909,-0.0199999999999995,2.860474322082041,0.7104045357007011,20.512719571054028,6.0792473312828,3.8,32.363636363636346,-1.390095569070371,6.9908814589665695,1.271844123780519,1.3885966666666718,1.0032081481481612,0.0,0.48556291409977903,0.5434341672277723
2007-06-01,56.6225,6.783885648253429,4.42005023969354,3.5724658727853464,0.9634477946440572,-0.1754179791869521,3.845304205145883,0.1199999999999992,4.304067068790296,0.5034575672657687,18.355377105967552,7.0910780669145135,3.8,58.22943722943722,-1.7764699471418457,-2.5974025974025983,-1.2545584435249224,1.3633966666666737,0.9894081481481578,0.0,0.5549020543695404,0.5365733634035007
2007-07-01,56.81799999999999,3.563807298488708,6.303225159451675,4.46549391069011,0.728062021483722,0.0532928928237772,3.3774198986008974,0.1799999999999997,5.31579551538165,0.2124775874057421,13.990412482571712,3.100775193798455,-7.5,17.26190476190476,-2.1631070082482,1.8808777429467072,0.4230559935258782,1.3237966666666665,0.9036081481481516,0.0,0.4084334305075955,0.3856903389842625
2007-08-01,56.90200000000001,6.552728866390556,5.125524120834135,-3.817416111941319,-0.0660731994836028,-0.2580945941620743,-2.3670484402897207,0.3600000000000003,4.04599964385789,-0.7608002762640016,13.05164823365188,-4.090827176067768,-7.5,-40.47826086956522,-2.448107782463438,-1.5923566878981,0.8438771813036539,1.1820966666666664,0.8047081481481513,0.0,0.06684226503276097,0.1583280392635823
2007-09-01,56.870249999999984,4.702411058142286,3.5158278054852943,22.877170622909016,-0.2868259135191728,-0.2807805116277501,0.6132306283838096,0.5099999999999998,5.659033245085288,-0.4058548697968139,14.290526630984024,-5.030828344205163,-7.5,-26.28684210526316,-2.866520787746174,0.9493670886076,2.553063106866693,0.9948966666666764,0.7169081481481498,0.0,0.13067761153062077,0.11173989200548212
2007-10-01,56.692,7.262395544130151,8.605388387981439,41.932168550873584,0.0158001129199919,-0.5404749545780223,6.773647770315927,0.56,8.051011233212236,-0.0195538620516066,12.441760889443664,-7.439249056934816,-19.2,-15.71212121212119,-3.591703056768547,-3.797468354430378,2.5557817517760872,0.7641966666666633,0.6472081481481524,0.0,0.20781956665848783,0.06728509841757672
2007-11-01,56.33324999999999,4.399898763599031,4.690334431292209,58.22503419972642,-0.4941126222252042,-0.926535653844187,-0.8887238625273519,0.8100000000000005,8.6760472673984,-0.8297825990756454,5.748127628281563,-17.155696537139832,-19.2,-54.68333333333334,-4.607592179075216,-3.669724770642202,0.8421006173459311,0.4964966666666726,0.6049081481481551,0.0,-0.14687616448038746,-0.170570727942487
2007-12-01,55.81199999999999,5.055019377217129,8.04482170254106,46.76616915422886,-0.9866093238108636,-0.9106411227526684,-1.309940959774436,0.9799999999999996,7.014921209854641,-0.3368725469851696,3.529577663399852,-20.7967647564963,-19.2,-67.64999999999998,-5.322037580102091,-8.049535603715174,-2.489504486283589,0.2886966666666666,0.5105081481481619,0.0,-0.2665097469147768,-0.3337341156137363
2008-01-01,55.12924999999999,14.966515293526085,5.596103565223376,69.28176795580112,-0.7783351080473329,-1.1152168689355086,24.54044863360414,1.2600000000000002,8.623502306973663,-0.859883976302545,-4.150211369451551,-27.5467509179404,-32.1,-106.80952380952382,-6.167687388217436,-7.594936708860756,-0.4186284156935671,0.0747966666666712,0.3917081481481546,0.0,-0.3444288029727234,-0.48139453374728625
2008-02-01,54.27074999999999,11.672263411667426,6.586668980665755,64.16204986149583,-1.0912850719058107,-1.2112777034007531,38.95462833284888,1.7700000000000002,9.0616805708869,-0.8147319104621962,-5.415760367353306,-25.90756302521008,-32.1,-117.15789473684212,-7.074756229685808,-6.790123456790131,-2.077851251327656,-0.2244033333333277,0.2131081481481516,0.0,-0.44910727405314693,-0.6209991318086031
2008-03-01,53.27974999999999,6.510059389615641,0.2110817207972459,66.20534277438044,-1.6818142922905115,-1.2039151111552442,30.791416633604477,1.89,10.485219323834826,-1.020424654846008,-6.908492040032089,-29.644892590968876,-32.1,-131.9136363636364,-7.65680152049959,-19.15584415584415,-2.5050948192368416,-0.5839033333333248,0.0498081481481591,0.0,-0.7092427867333834,-0.8121047604692113
2008-04-01,52.1555,1.71241204714363,1.6147106798978683,63.48664688427299,-1.3929235912874762,-1.1171250447394765,11.825964691809787,1.6300000000000003,9.499624603428549,-0.3255845305250824,-6.528734391548663,-29.23666115414745,-55.4,-130.8318181818182,-8.021419594557667,-13.16614420062696,-3.3157725251756864,-1.0290033333333355,-0.1172918518518457,0.0,-0.8509559444819667,-0.925281460202553
2008-05-01,50.86775,1.1410796265867384,-5.381594571265513,83.66923532898636,-0.9253838862458948,-0.9626122230118992,9.130212903343391,1.4299999999999995,8.338040064398633,0.0832925101402992,-8.508970221217528,-31.25533003581784,-55.4,-113.88961038961035,-8.232378854625544,-19.6078431372549,-1.673603234352128,-1.4695033333333356,-0.2339918518518402,0.0,-0.8518214362299593,-0.9959184265885024
2008-06-01,49.38792500000002,2.5557817517760872,-1.745158807117353,86.55356141334832,-1.1383263171903324,-1.2119873776274706,10.518865778833831,1.3299999999999996,7.8057152900791955,-0.3945668533367267,-14.85681976918215,-42.81003210969365,-55.4,-114.09523809523807,-8.454923717059648,-21.20253164556962,-2.9363487876894023,-1.8160033333333276,-0.350791851851838,0.0,-1.0735413163433345,-1.1951927616449864
2008-07-01,47.68014999999998,0.1883903869988046,-5.711814693281248,73.40673575129533,-1.3318777004602342,-1.307618021675177,5.537361227308146,1.44,7.24428389189955,-0.6717503686344245,-12.911006205034104,-46.27640529896168,-57.7,-120.35281385281382,-8.681815644017643,-30.35143769968052,-5.795534480779629,-1.9260033333333269,-0.5886918518518485,0.0,-1.3142008177437177,-1.411148373341567
2008-08-01,45.78402499999999,-0.6123031760094655,-3.856220618673611,60.73446327683616,-1.298122913767524,-1.2601177850137066,1.6130964264324144,1.4700000000000002,5.135755751634763,-0.2177212621286934,-12.968880385891357,-38.64148816234498,-57.7,-88.44513457556934,-9.061306984055706,-34.7962382445141,-6.595618584028717,-1.847703333333328,-1.062691851851838,0.0,-1.3606383941350155,-1.6643501169778512
2008-09-01,43.76617499999998,-2.8641678004325377,-5.730529892365777,28.43251653053287,-2.4881586914232847,-1.4212369390963484,-8.604023020062801,1.61,1.267355138549009,-1.41425100689794,-23.605043392827906,-34.28678961234475,-57.7,-156.64411027568926,-9.715025906735752,-48.8817891373802,-5.440882767251543,-1.835803333333331,-1.873291851851846,0.0,-2.024032868098108,-2.3734949661098104
2008-10-01,41.78797500000002,-10.171743184674254,-10.687266661801653,-12.09268645908761,-4.442345384845932,-1.5536642259576758,-38.49363921063278,2.2,-8.451087497594045,-5.294820221065707,-37.474989995998406,-45.038384987205006,-83.6,-452.8181818181818,-10.355565621107454,-45.731707317073166,-9.521650387457148,-2.089803333333336,-2.8735918518518417,0.0,-3.6202617562763546,-3.520519266131415
2008-11-01,40.11077499999999,-30.587491926214017,-21.892570483155392,-42.46190424727116,-5.367908817829553,-1.5985942795440626,-46.64626487969213,2.32,-13.153627615015772,-5.4816996046827065,-39.48985241098073,-48.298234418208885,-83.6,-465.2055555555555,-10.853554096488738,-55.45722713864307,-11.90173212675415,-2.321803333333335,-3.780491851851849,0.0,-4.258441361356363,-4.141678410478882
2008-12-01,38.94349999999999,-41.932415367003,-28.735888061451853,-54.53253143794423,-5.228760096090987,-1.5497554064388162,-53.36773092762692,1.6,-10.729626131881576,-4.194865728232761,-38.48579367457571,-52.42802824551873,-83.6,-508.1863636363637,-11.884822760123892,-59.31232091690544,-12.772663104192803,-2.450003333333328,-4.427291851851848,0.0,-4.384735969049817,-4.326915575722585
2009-01-01,38.38965000000002,-52.0351544059813,-34.74366701817948,-51.19669277632723,-4.165125221795162,-1.4704475385801767,-54.38775134470657,1.71,-12.254312500069918,-3.225350536716381,-40.09067498458525,-59.01001767825574,-64.2,-411.4857142857143,-12.487725986253109,-70.88235294117646,-4.758466795144356,-2.507103333333333,-4.725391851851839,0.0,-4.191641703595245,-4.230942505975191
2009-02-01,38.5117,-38.97729799804185,-23.649498248923905,-54.397806369964144,-3.81231588216125,-1.4821341817316156,-57.975909296638186,1.89,-16.16623459840214,-3.3369764772661323,-44.7562432832568,-70.60224566178972,-64.2,-389.6315789473685,-12.551008511134432,-86.12716763005781,-4.3661472692647525,-2.491503333333327,-4.79549185185185,0.0,-4.151814097592284,-4.136526024653209
2009-03-01,39.23279999999998,-25.31764022103713,-14.495588544928218,-54.64756003098373,-3.6941741287367647,-1.3278098064620456,-55.56794469676952,1.89,-19.11540662759861,-3.2404012253298298,-39.678687533076285,-68.25772681954138,-64.2,-361.5409090909091,-12.578653337253751,-79.56403269754769,-3.5394702809507077,-2.2638033333333283,-4.587091851851838,0.0,-3.886105591659346,-3.852468475000508
2009-04-01,40.454775000000005,-3.777475673127817,-0.8449381833698699,-53.89781286868137,-2.8664636678144566,-1.3280050310855034,-49.262112648000624,2.0,-16.371010138941045,-2.395054214874409,-37.00806154778831,-59.80319803198032,-39.6,-288.86580086580085,-12.10717043901861,-72.02216066481995,-3.953378930865736,-1.815903333333324,-4.0750918518518375,0.0,-3.147126891889307,-3.3091422788561653
2009-05-01,42.00402499999999,-2.0932550993413512,6.429189070568353,-53.25157334193965,-1.8744679418717776,-1.358055420005416,-45.4996272106409,2.36,-12.355268386227404,-1.6324859917929602,-34.3649580828061,-53.45490633916388,-39.6,-214.72857142857143,-11.37713771377138,-67.75956284153007,0.0,-1.3749033333333358,-3.487091851851844,0.0,-2.6163887050355954,-2.7769713196081307
2009-06-01,43.71504999999999,7.819917706032253,10.963004495758666,-48.42540398346487,-1.402798661862471,-1.2498709561294925,-39.302714088565,2.54,-10.30149484109848,-1.2762863612746518,-28.178125,-44.14264036418817,-39.6,-162.49783549783552,-10.253924004605777,-55.61357702349869,3.669345680829017,-1.0478033333333343,-2.9233918518518465,0.0,-2.122971539652574,-2.282667420518821
2009-07-01,45.43795,15.74314989351777,14.388803211706612,-51.51266153731232,-0.999716235664948,-0.8781809123542295,-38.01384352819811,2.54,-10.649271634098213,-0.9025275940406524,-22.08493111773896,-38.77040986337887,-31.5,-110.22727272727276,-9.262655906089512,-37.99019607843137,3.190633381256802,-0.8361033333333268,-2.3726918518518403,0.0,-1.6899936941595635,-1.8234672177371487
2009-08-01,47.05165000000001,19.016371823530243,11.25586929677851,-36.291739894551846,-0.5287651426065503,-0.9208956244941237,-19.24633580887264,2.47,-6.102647703637087,-0.7996812218487463,-20.439964765401484,-30.715051293829436,-31.5,-55.85714285714289,-8.45783430053092,-30.23255813953489,4.5654829797121765,-0.6380033333333301,-1.89139185185185,0.0,-1.3006202723719924,-1.3821127687308845
2009-09-01,48.48187500000002,23.849199937756627,15.653476290698444,-31.66767615586513,-0.274706508722588,-0.3953037145396613,-11.36383792551988,2.44,-2.6282774028626443,-0.7482580357527935,-9.36931993552591,-33.6483390607102,-31.5,31.809523809523853,-7.666396357058192,-16.952789699570815,0.4491851441766004,-0.4265033333333292,-1.5390918518518504,0.0,-0.8681762476121635,-0.8623384509792923
2009-10-01,49.6885,21.037810729985985,12.730063893637622,0.4805052169137846,-0.0901324623390452,0.1436701997418826,27.656576730210936,2.4400000000000004,5.895756833945331,-0.6629708002765788,6.961548387096772,-20.348335919986216,-14.0,338.9112554112554,-6.619086717615119,-9.623430962343104,0.8968553758203157,-0.3297033333333274,-1.2658918518518476,0.0,0.01222403647810999,-0.12927728850621825
2009-11-01,50.66199999999999,19.181387635107797,13.446054322241707,44.70323065364388,0.0080796031977231,1.0336959905648526,79.59644874899112,2.6,8.898872345725328,-0.6052764939250217,22.24738909220745,-10.265377494342731,-14.0,386.7134502923976,-5.123607019341614,6.261859582542694,-1.3252163728593946,-0.29810333333333,-1.0726918518518431,0.0,0.612553769903157,0.44821066221183203
2009-12-01,51.40650000000001,15.946165684588776,7.434756874217374,79.5815295815296,0.1804444714158176,1.3000792465382027,127.27068535602446,2.72,7.428694128766978,-0.2854493608892167,23.454193191253797,-1.2559945192966326,-14.0,449.45454545454544,-3.70394479885432,13.669064748201444,5.484459345297954,-0.2358033333333367,-0.8290918518518424,0.0,0.9881672004310984,0.8478361077325616
2010-01-01,51.92499999999999,7.532449591858459,9.182391317501558,70.2407489968792,0.3479615777152782,0.92550862520761,129.33750221225887,2.8,7.884040294124384,-0.2101959178219687,30.027364750326903,33.12248418631396,5.5,390.5684210526316,-2.7126922315358626,16.695352839931154,2.2483663730303194,-0.1651033333333345,-0.5266918518518509,0.0,1.167505314256592,1.1419008551876135
2010-02-01,52.22100000000001,12.948440007415996,7.900968878582804,71.85476410730804,0.3797413502929894,1.311515595913673,106.5984258144706,2.83,8.824583364490145,-0.4484984875349213,50.25235005237454,77.19907407407408,5.5,359.5789473684211,-2.9198053463102447,24.534161490683225,3.611376642842568,-0.1448033333333285,-0.2466918518518497,0.0,1.4790452098672866,1.4366141337524425
2010-03-01,52.33975000000001,9.965228576972196,11.216519268069836,69.23569598633645,0.6275158483565002,1.0856123388624694,99.02206813787586,2.77,9.94763132530353,0.149766384849702,46.56898993570382,98.19395367098548,5.5,400.0256916996048,-1.8834925332974484,28.528072837632777,6.332917198052179,-0.1437033333333346,0.0645081481481497,0.0,1.6649868568751565,1.536466159222176
2010-04-01,52.289749999999984,13.085545348651896,10.20943888376904,67.28346456692915,0.7515826441259829,0.7665148573879392,75.76289841259035,2.79,8.019663172359559,0.1936642266389298,35.962007768013684,69.82864137086904,7.1,329.4761904761905,-1.0476512335248267,25.28180354267311,5.890799196918017,-0.1615033333333286,0.2794081481481498,0.0,1.3653364793067948,1.2532091440045445
2010-05-01,52.117,20.228376603759845,11.786624697719583,31.60165688643424,0.2944566498725781,0.3620656094314607,49.6658735769804,2.59,2.07202525014889,-1.626214871537356,18.52492547381248,39.28571428571428,7.1,165.45,-0.8802220868034505,24.9185667752443,4.94567662923957,-0.2092033333333347,0.3479081481481501,0.0,0.5772060981766671,0.6780772699843686
2010-06-01,51.914750000000005,17.49726881625413,5.9949197334157045,9.064412707665404,0.078102830911324,0.2173367078002272,29.62408954199873,2.4800000000000004,-0.0187416833780096,-1.3741158372620748,12.116564417177925,32.19233903830479,7.1,94.54545454545456,-1.6071307988385408,22.818791946308725,-0.867673833093463,-0.2566033333333308,0.352308148148154,0.0,0.2229514937169385,0.3441140188208071
2010-07-01,51.78425000000001,12.89612777156126,4.832864040920692,15.144045601602208,0.3217477540071097,-0.1098920055749499,29.138114174179464,2.39,1.2604993701684553,-0.8285283750245249,11.556689755741868,30.42176870748299,8.8,89.67532467532465,-2.3111650158345154,18.29484902309059,1.760133785684026,-0.3080033333333318,0.3998081481481534,0.0,0.2509429975991593,0.23978773184602442
2010-08-01,51.78999999999999,2.932431278149239,3.639633631847517,5.779310344827593,0.472207920222488,-0.5608721706944347,18.144291437561822,2.18,0.7319890222839298,-0.725682002832619,2.8129960220258265,1.9889502762430844,8.8,72.7943722943723,-2.947127056919341,15.535714285714286,2.1989282770414675,-0.2945033333333242,0.4806081481481499,0.0,-0.06064998248171599,0.07747784302379157
2010-09-01,51.933250000000015,-1.2328028758883611,5.084286643969871,14.92096321465506,0.5391788533947268,-0.3637343272959022,24.415187454711827,2.17,0.9621646783495752,-0.4459900394326797,7.95777046202748,0.410012947777294,8.8,43.333333333333314,-3.3846777462505195,17.064220183486235,3.08857638029727,-0.2726033333333362,0.5786081481481631,0.0,0.035147040836518206,0.12533392292344672
2010-10-01,52.17875,8.31191039578889,7.433626928033532,13.294165869654329,0.7110050813996398,0.1977319927527638,31.877168820511525,2.16,2.201066986921707,-0.1763318684417071,14.193342919734796,0.649491231868371,10.5,34.70238095238096,-3.605005072708811,14.69465648854962,3.5277775505980324,-0.2353033333333343,0.7008081481481554,0.0,0.30192223665273793,0.274218318171509
2010-11-01,52.4755,10.520377360063392,8.251525368474265,11.201973001038423,0.7984443426727772,0.203570170290986,26.87833303373477,2.31,1.4053438141342631,-0.1424678190614454,7.750791781897148,6.075194864740952,10.5,42.63157894736844,-4.036722019711081,13.765182186234814,3.0716365551923586,-0.1618033333333244,0.8466081481481496,0.0,0.30220056686241736,0.33405457494847
2010-12-01,52.75475,8.77261276382184,9.732636958714934,22.94094013660104,0.8711607714522859,-0.1459025347163048,31.01747279677902,2.67,1.16531141812255,0.1748508658721179,12.78271007084568,16.258094357076793,10.5,27.09090909090912,-3.974852970999798,12.916666666666664,2.182134641590161,-0.1308033333333327,1.001308148148155,0.0,0.40833995914162496,0.44653037647832394
2011-01-01,52.95825000000001,8.142787692504715,7.929954184811927,26.083540657326164,1.0252118724222077,0.6014423856068624,29.371467253342367,2.78,2.519572091393041,0.2062064671501381,19.764962239377205,15.18358531317494,10.5,17.73157894736846,-3.995929443690649,11.363636363636363,3.0548815223494508,-0.1699033333333233,1.1133081481481495,0.0,0.5608582328205869,0.5617639135574476
2011-02-01,53.02900000000001,2.0494637413212446,5.409973431125237,39.90041717130936,1.058068925426282,0.4868202749201735,44.09083873379495,2.81,4.782360014783782,0.1924100025878093,20.16586840985433,18.65882865229697,10.5,34.26315789473682,-3.632493304950901,17.28395061728395,2.1702953784717094,-0.2727033333333253,1.1591081481481496,0.0,0.6248531052680717,0.5846418679909062
2011-03-01,52.93949999999999,6.732958274196754,1.533073108486671,44.36735208780118,0.9880456977126812,0.0040850363124604,27.342576475680147,2.71,5.005587767673392,-0.220229710230935,13.3740369239715,3.070522979397783,10.5,-21.86956521739125,-4.038118744001107,14.22505307855626,-1.2854680322467726,-0.4880033333333244,1.1195081481481566,0.0,0.3119677728763531,0.4196190261461401
2011-04-01,52.6905,-1.2857741063005523,-1.748704155649805,44.822311132031054,1.0456802005231065,0.0111577599909113,22.565422177692174,2.73,6.172015919843776,0.3416626646711851,14.908695615535628,-7.117117117117122,16.4,-41.72857142857143,-4.371584699453557,8.405172413793105,0.4289538082848709,-0.6142033333333359,0.975108148148152,0.0,0.26239485588366174,0.38236102884597184
2011-05-01,52.29949999999999,3.860987247543157,0.6212769311868094,50.111475409836046,1.0404733451290182,0.1357230538722788,31.037135402651185,2.61,8.985811875985295,0.257629653246091,23.47968166255128,-3.980099502487555,16.4,17.707142857142856,-4.433362934626672,8.242950108459867,-1.7020888027912573,-0.6241033333333235,0.7390081481481587,0.0,0.46010949807827894,0.4678343031327357
2011-06-01,51.79600000000001,-1.0016018401938664,3.1071754678166696,52.00427578834847,0.9546500044954253,0.1322539139795937,39.50502361792809,2.59,9.493382302421594,-0.0233165342049687,28.129153690174743,-2.95930949445129,16.4,28.090909090909065,-4.014823965410741,9.1304347826087,5.285219475000158,-0.7040033333333326,0.5370081481481606,0.0,0.4858653700316028,0.45484684183998697
2011-07-01,51.22975,5.986836344543378,6.860696538619093,55.82017661225582,0.833815050005032,-0.2521294297594857,43.28287739876024,2.59,8.614605731636427,-0.0333503266139354,17.30936819172113,-1.1892343000208694,21.8,26.84285714285716,-3.6211891295351073,10.434782608695649,1.7222424535585867,-0.9252033333333288,0.3080081481481613,0.0,0.3926018277644762,0.2783198800204759
2011-08-01,50.66524999999999,4.5130389579616015,6.046143063146925,43.53892293649759,0.4111620293952462,-0.1065729499683096,23.569766404217507,2.07,7.24139697829469,-2.0150243273848054,16.158882334442005,-15.124593716143009,21.8,-51.883399209486186,-3.203391008269052,13.319238900634245,2.1679429248508963,-1.1853033333333372,0.1088081481481566,0.0,-0.08741192771957618,-0.10342966273920688
2011-09-01,50.1925,4.787241302940193,3.188382550303026,42.53760123409176,0.0965961448972237,-0.6559935666148705,7.663990245547581,1.77,3.2742721743461267,-2.203157935052926,-0.8569926393270255,-20.653341929937675,21.8,-100.42857142857144,-3.041745332494228,8.185840707964598,-0.4257577778851273,-1.286503333333329,-0.0666918518518429,0.0,-0.527529945165942,-0.473381509947645
2011-10-01,49.8657,-0.094596185886997,-0.6123472395949126,32.01881331403762,0.1404953222715197,-0.4664795040934069,-10.831832965326129,1.87,-0.421925964018266,-1.7390950361382282,5.9192400655815325,-18.132931813293183,5.9,-134.05,-3.213584058377783,10.290827740492167,2.580512610865316,-1.272903333333332,-0.215391851851848,0.0,-0.6705002292246276,-0.6165475460965395
2011-11-01,49.689799999999984,-2.478397129673693,-1.3148289357992726,28.98330804248861,0.1601556900526461,-0.6920297386065062,-10.494469231595671,1.7599999999999998,-0.8346085217573851,-1.627469095588477,5.625344119266451,-18.3488221309704,5.9,-127.05263157894734,-3.531232414181207,8.685446009389675,2.5916583884728617,-1.1499033333333273,-0.2798918518518434,0.0,-0.7118385022017835,-0.6666984664145126
2011-12-01,49.63265,-0.61527356959592,2.989356651256947,17.549019607843142,0.178828550776273,-0.8788797609803268,-17.292391382774742,1.72,-1.1209264834098454,-0.7633087243662432,-0.0031805604147616,-23.03560771832107,5.9,-132.5519480519481,-3.79443857796552,10.047846889952153,2.586073490967933,-0.9795033333333264,-0.2558918518518425,0.0,-0.7066542848943687,-0.6673991589058856
2012-01-01,49.63450000000002,-0.5195714348619429,5.683742092449484,15.442932807145082,0.4626919431229473,-0.7682098208329505,-15.856818443442132,1.73,-1.7035618213940174,-0.1587727317260158,2.0441327403352805,-20.157509844365272,-5.4,-138.05,-3.469719454455511,12.12121212121212,0.8492521351978644,-0.7891033333333297,-0.1620918518518408,0.0,-0.6051752686547013,-0.5760095889230599
2012-02-01,49.616425,0.190136607074276,9.389846976827766,15.140438630242414,0.6921526739382857,-0.7772299293910757,-14.45245044387694,1.69,-0.6306720494156925,0.0682418215268495,2.8977863504166645,-17.68807339449542,-5.4,-92.91052631578948,-2.7219609519737675,9.45273631840796,3.0089251756842077,-0.6517033333333302,-0.0682918518518391,0.0,-0.43341851168600776,-0.44345688479134926
2012-03-01,49.53477500000002,4.934965277001036,3.658525708950888,9.166375393219164,0.7734873461286991,-0.5646982202204345,-10.865420230318534,1.83,-2.28733647352386,0.3504422330290303,6.2330766387847625,-7.918508552758031,-5.4,-39.11067193675893,-1.4860327212974256,9.65346534653465,3.8726048201217935,-0.5892033333333302,-0.0355918518518478,0.0,-0.28462765271090584,-0.33764518214647654
2012-04-01,49.38300000000002,-0.2367283095617178,1.626533916700823,-2.120744291866417,0.7257279138932686,-0.7911188291561713,-12.676041500970747,1.7599999999999998,-4.480139528355509,0.1434952645940979,2.515381964051322,-6.323957322987384,6.9,-57.94999999999999,-0.6142857142857228,10.352941176470589,-0.8421005780581803,-0.5911033333333364,-0.0953918518518435,0.0,-0.4356432173475818,-0.4009715359814766
2012-05-01,49.193,10.247138357376627,-0.6961972633513946,-3.4422505678839754,0.5463607229038141,-0.9916263381234744,-11.208384022143091,1.51,-6.37910252753422,-0.2553479836623176,-2.592179601546252,-9.505779194898366,6.9,-76.03896103896102,0.1715511079342313,11.58392434988179,0.4226090259443094,-0.6249033333333358,-0.2606918518518455,0.0,-0.5568793881144305,-0.49921729120143404
2012-06-01,49.00759999999998,2.033873318762991,-0.0668449174519136,-15.97222222222222,0.4463531899897738,-0.7391730914458338,-18.130111339660417,1.33,-7.982061439225596,-0.2716528963268879,3.143930215653024,-7.17916137229987,6.9,-81.23376623376623,0.829400829400817,9.090909090909092,-2.497275321861292,-0.7114033333333367,-0.4358918518518493,0.0,-0.6337849665907958,-0.5024182601448132
2012-07-01,48.87337500000001,3.603893741992548,1.7218427109865653,-11.43740340030911,0.5964542627296978,-0.5963567152446164,-21.410378365383608,1.28,-8.211979452673713,0.1748508658721179,6.735382424861491,-4.096283783783782,9.5,-56.31904761904758,1.381235239390266,9.708737864077666,1.275900940781849,-0.7563033333333351,-0.5376918518518465,0.0,-0.4726108392984983,-0.3566473461876074
2012-08-01,48.816500000000005,-6.154055543676495,0.0333014191845615,2.96148255813955,0.7630736353405224,-0.2393928257354461,-16.50116212408731,1.41,-6.478837905919899,0.4106449874828292,15.398436282191152,19.274955322951225,9.5,35.95652173913044,2.1320890165111184,9.024390243902436,0.422163001825826,-0.7535033333333274,-0.5958918518518459,0.0,-0.18547931958722064,-0.0840586488426896
2012-09-01,48.8532,1.3142278638087923,-0.1670773621374133,2.254689754689765,0.9081473994240854,-0.1946936815335403,-2.5589929808412792,1.46,-1.398602177981001,0.4620681735787821,27.3329090876951,34.236186348862404,9.5,110.35087719298248,3.0578393191980524,7.2289156626506035,2.130985392999518,-0.7142033333333302,-0.6381918518518432,0.0,0.1949014001591931,0.1763203027352557
2012-10-01,48.97635000000001,-1.309464395356308,-0.5333765928333234,2.283730702475561,0.980863828203594,-0.7116680140014852,9.031956170993706,1.47,-0.1620133804511203,0.3366457684667016,12.675337110029528,32.10719915922227,7.6,133.44285714285718,4.095983761055533,8.22942643391521,0.0,-0.660903333333323,-0.7064918518518368,0.0,0.06900626592169828,0.15760219736650014
2012-11-01,49.17210000000001,-0.6574290946541272,-0.8959253364778985,-0.7149321266968434,0.9853524966467734,-0.5651723122752501,1.7175789009922005,1.38,-0.2303185562028797,0.283968358319628,13.570603708218387,28.507146638433014,7.6,115.09649122807014,5.417821204608431,-2.827763496143953,-0.8394497137376056,-0.6548033333333336,-0.7285918518518457,0.0,0.04425357380469955,0.1534472644444773
2012-12-01,49.42640000000001,-3.8084282207027975,0.9399062656553214,1.6402557686961527,1.0444233733590162,-0.4177538870912947,5.300522901388938,1.46,1.4372229018628002,0.2074606912012591,13.405693384223929,29.56836391832516,7.6,142.19285714285718,6.461290794672925,5.585106382978722,0.421273772055164,-0.7015033333333349,-0.6544918518518443,0.0,0.13895287543978624,0.2090148960917999
2013-01-01,49.70727499999999,5.681245419612857,2.8735018959966885,1.628283555235699,1.1320421813698809,-0.5467130746485607,0.0856915080834852,1.64,0.8956171716697714,0.6840658306271643,14.149541682858246,25.481446688586185,7.4,160.71190476190475,7.481698389458269,6.10079575596817,2.5557817517760872,-0.6361033333333239,-0.5219918518518369,0.0,0.27096430063349225,0.2667569473611201
2013-02-01,49.979425000000006,2.618753227419357,1.9156705040986437,-2.656641604010035,1.1657071946937276,-0.5565620532647827,-4.508208858862584,1.71,-1.7678870170797278,0.6138292837643993,10.910315740144094,21.84574230940704,7.4,100.48947368421052,8.240550835042493,4.120879120879117,4.286642825270248,-0.5227033333333253,-0.406991851851842,0.0,0.14164008554847984,0.2111719896376979
2013-03-01,50.199,4.395480136095697,4.754614301421123,-12.559033058512782,1.1789038799166751,-0.5856754546915849,-9.741723902639432,1.7,-2.101397396123361,0.7442685850809629,11.410963669797724,17.678981423502414,7.4,45.44545454545454,8.746101965334695,3.013698630136985,1.2664749945660692,-0.4138033333333339,-0.3921918518518481,0.0,0.0932099668099202,0.1892369857026246
2013-04-01,50.367500000000014,0.2793294389049849,3.840212650050523,-14.594056118213516,1.2352815555630103,-0.3553868402583963,-12.72938712681616,1.53,-1.356815348904794,0.6263715242756073,14.282750677797562,15.427624767032524,19.1,59.93181818181819,8.890326290067563,9.186351706036744,0.8412151374722399,-0.3070033333333271,-0.4261918518518399,0.0,0.1597609710738022,0.265304334801711
2013-05-01,50.503,2.6972755129481607,5.628148762326624,-6.777053926891052,1.275140931338445,0.2458223092230751,-8.877098511244863,1.68,-0.0391381815665559,0.6865742787294059,24.452618805949644,31.711076855318225,19.1,96.77272727272724,9.06236620522336,6.951871657754005,2.5288530919760133,-0.1666033333333274,-0.3802918518518368,0.0,0.4804292493430491,0.4436592258192251
2013-06-01,50.614750000000015,-2.806842304185131,1.8266643154023043,7.866931687414991,1.1639117273164556,0.0720859576075985,-5.695525540817625,1.97,0.6362316509534893,0.2124775874057421,17.921536383391068,38.67214236824095,19.1,49.89285714285717,9.339100836760728,9.473684210526311,3.823257103371436,-0.041403333333335,-0.2323918518518439,0.0,0.3649337673696339,0.4292396039337085
2013-07-01,50.7095,-0.4176086172282822,3.2971140441381053,4.440566220670927,1.1566400844385047,0.1635802675090675,-8.934556568472074,2.24,-0.4991103374294203,0.6263715242756073,22.214569498013525,42.44826067811538,18.1,21.937229437229405,9.840463080615546,7.258064516129037,4.250209537878358,0.0618966666666693,-0.0315918518518429,0.0,0.4535777910101487,0.4621809777145644
2013-08-01,50.8005,3.0595030506330945,3.3836286888697,-2.0998764778542567,1.201885862345755,-0.1120744736108655,-4.292578168139838,2.3800000000000003,-1.2824184600819466,0.596270147048708,16.095067468611823,38.59160958904111,18.1,-31.845849802371504,10.318408659590904,10.723860589812327,0.4155838559999791,0.0794966666666709,0.1698081481481494,0.0,0.34849447458870914,0.4083795830397024
2013-09-01,50.87675000000001,5.98460497257034,5.119673566925043,-1.5523019932968674,1.2006290351816644,0.2815063501466206,-11.479968446067746,2.41,-2.7372988848123114,0.5360673925949095,16.71999833410842,27.6634382566586,18.1,-50.93421052631578,10.71378586424072,17.662337662337656,0.8324616927478434,0.0322966666666673,0.2962081481481533,0.0,0.342451338213351,0.39756422360073373
2013-10-01,50.92025,5.458379364972865,3.772548669980136,-2.2238099490935026,1.2684977020425392,0.567410866945062,-10.655008726090076,2.28,-1.920190928263077,0.4457632609142116,24.38675504192158,27.008750994431185,8.3,-49.91558441558442,10.892123406922472,3.532608695652173,0.4147220981120858,-0.0377033333333258,0.3408081481481559,0.0,0.3844844615680433,0.4511288760113308
2013-11-01,50.92475,6.189494191806966,4.72744303918422,-1.4857351198614532,1.3577324306929484,0.5145024956071219,-8.30710535154573,2.4200000000000004,-2.0755374959961825,0.7580650496432918,27.512745554943564,36.313079299691054,8.3,-52.77777777777777,10.721449816697804,18.500000000000007,2.0887023872720345,-0.0144033333333339,0.3583081481481542,0.0,0.49741227722474757,0.5199712319716311
2013-12-01,50.88049999999999,3.886910096946439,3.382435933326744,0.9026258205689252,1.395975885828838,0.599706852188372,-9.434393314998202,2.56,-2.9198815146060264,0.5987785951509498,29.601245275874867,35.2882505485737,8.3,-67.09761904761905,10.653653172039323,3.0985915492957705,1.248034828908029,0.0638966666666647,0.327908148148154,0.0,0.45472795959855244,0.499424033715625
2014-01-01,50.79975000000001,6.439353161972194,2.3484280728705453,-4.912808710277061,1.3843053478765714,0.2759547136223922,-9.393018331477643,2.47,-4.006914357751934,0.5925074748953456,18.9892598006822,30.451057458356743,13.7,-87.23809523809524,10.28470235662715,7.344632768361581,0.4142925579890377,0.1145966666666709,0.2752081481481525,0.0,0.3062863852108396,0.3973687845412001
2014-02-01,50.7265,1.602073754071065,2.4959292844004777,-6.616889804325432,1.382868973974754,0.3937513634713665,-11.310357489768553,2.38,-3.3803053820333773,0.4382379166074867,22.76190350437055,24.25905598243689,13.7,-89.4736842105263,9.981728361643082,4.871060171919773,0.8272965253157238,0.1605966666666631,0.3118081481481596,0.0,0.2824980839371265,0.376709817361513
2014-03-01,50.67550000000001,4.888230654058234,2.237721019414174,-1.6843647015745034,1.3983099934192915,0.4586138902109378,-13.02111808391253,2.3200000000000003,-2.194058857392656,0.5172540318280975,19.3188842651304,26.03760198652003,13.7,-49.99523809523805,8.749583194398136,9.322033898305085,6.770140394439217,0.2484966666666679,0.3873081481481506,0.0,0.3728652726957502,0.40577401539545216
2014-04-01,50.62725,2.3710781001514247,5.7789756165647965,4.772550544323484,1.3846644413520257,0.3181327712732366,-7.750875000691149,2.29,-2.116074474349205,0.5975243710998289,17.92597507464462,25.134553283100104,11.1,-21.491341991341983,7.834466371856652,6.358381502890175,1.6631660166672058,0.3558966666666663,0.4492081481481591,0.0,0.38040703572229706,0.42385212191221394
2014-05-01,50.57749999999999,4.328682997145372,1.7024311597184427,6.454430748325746,1.3983099934192915,0.2678311300671402,-4.942195295893037,2.17,-1.2331269115628762,0.813250907892607,17.95687847234997,13.726801538204292,11.1,-18.16233766233762,7.066213033237356,10.344827586206897,0.8255890170393965,0.4063966666666658,0.461408148148152,0.0,0.3620204927139213,0.4383077236340422
2014-06-01,50.5285,2.830875446084136,3.926673008003356,8.495781204538844,1.4178805878315544,0.4988215948782876,-2.558483709129966,2.15,-0.5829534880729126,0.9311479686979628,22.03538610952014,16.65021388614676,11.1,63.583333333333314,6.39470782800442,9.011627906976749,-2.4143756161290053,0.4183966666666663,0.4485081481481501,0.0,0.5073655638801523,0.51205227338541
2014-07-01,50.48649999999999,2.9987700290576846,1.9476578603147887,-0.6869662086891881,1.35827107090613,0.2441219937361313,2.993351325680793,2.03,0.2860265637184112,0.8358269408127815,14.530203532000986,10.10819165378669,10.7,55.409090909090935,5.7647814910025685,12.753623188405792,2.492092400022772,0.3974966666666688,0.4558081481481508,0.0,0.39257774622292463,0.4549617467014233
2014-08-01,50.45774999999999,2.489272761655004,-0.8869827237963146,-8.147080028839216,1.302072941997522,0.6459887568250774,-2.656501114985288,1.95,-0.923972602008849,0.6865742787294059,22.68259674090767,8.015444015444007,10.7,41.50216450216448,5.256451099076132,9.009009009009006,4.594559317636815,0.3825966666666716,0.4738081481481515,0.0,0.39171014643522345,0.4400020465167885
2014-09-01,50.44274999999999,9.7605065023342,2.2681898714874027,-12.793406199605805,1.249645294581185,0.332011837427423,-4.00948700076963,1.96,-2.8354370251180594,0.6890827268316475,17.29000029734471,14.193140508929968,10.7,37.96428571428572,4.854307565893423,6.940063091482651,1.644364312296509,0.3941966666666729,0.4479081481481586,0.0,0.34132751942269823,0.3682176779561543
2014-10-01,50.43375000000001,5.925697305223099,0.3790866072650667,-20.28681037632445,1.1569991779139592,0.2204385498980726,-6.463122412543642,1.85,-5.340905282526465,0.1133938873671988,14.887790770491982,8.816160350767287,10.5,-10.54545454545456,4.647365446209895,19.436619718309856,3.73210513240061,0.4423966666666672,0.4381081481481601,0.0,0.1167886610015469,0.23257184314596402
2014-11-01,50.42725000000001,6.153832660469782,4.337349346779185,-27.424130273871206,1.1720811038830423,0.4592822481938783,-5.060355130009253,1.8,-6.148412240277512,0.6966080711383723,14.494880413775537,10.12390450287095,10.5,-1.526143790849687,4.529268445055279,9.509202453987731,2.873085662406649,0.5400966666666704,0.3775081481481521,0.0,0.2056531683351253,0.19565163019227472
2014-12-01,50.424250000000015,0.2193582943766481,3.4780764750310222,-43.67940724676968,1.0844622958721777,0.2809321539246199,-10.650875272006544,1.5699999999999998,-8.456924754634688,0.335391544415581,11.390638187366095,8.448835151872602,10.5,-62.49783549783552,4.37915398471953,16.860465116279066,4.131691401316062,0.7136966666666638,0.2623081481481506,0.0,-0.03998092367320426,0.03484567554334553
2015-01-01,50.4215,2.5744993767409463,2.7380412585629177,-55.2504189164029,0.9379521578867974,0.1303292729480895,-20.036151832209427,1.3299999999999998,-9.840596709038715,-0.0195538620516066,11.915246916004252,-0.8177905308464961,5.5,-96.4738095238095,4.131669960474316,12.5,2.0417922585491244,0.9085966666666678,0.1767081481481511,0.0,-0.2409944263882499,-0.09775695394748175
2015-02-01,50.41049999999999,2.526331351240829,1.6490574570010352,-46.76040805073063,0.931488475328619,0.2316430607789937,-19.8614951861814,1.36,-11.118213630638918,0.3843062824092922,13.178628088951028,5.329799764428755,5.5,-52.73684210526318,4.048732463696769,9.337349397590366,-0.4026164996628445,1.0403966666666662,0.1249081481481511,0.0,-0.14243869946564852,-0.08661645887549904
2015-03-01,50.37775,-4.81734521543844,-1.737605072221993,-48.05400372439479,0.9758365195472328,-0.019843199146579,-10.682191385314976,1.4,-13.684657478547413,0.5210167039814598,10.444150100943194,2.533070644525748,5.5,-70.08658008658011,4.1147973263016,11.526479750778815,0.4034286358194805,1.1004966666666718,0.0967081481481528,0.0,-0.2629041600202322,-0.13030110111405516
2015-04-01,50.29675000000001,-5.810386640659216,0.3447867351488165,-44.902124501345206,0.9952275672217684,-0.0007613046551369,-9.462266016938491,1.4,-13.146040878509211,0.6865742787294059,10.698797738793498,4.587813620071679,5.3,-71.78138528138527,4.223283143591639,12.65432098765432,0.8088937583656586,1.1010966666666633,0.1021081481481616,0.0,-0.21211851266481782,-0.12216055493276323
2015-05-01,50.13625000000001,-9.09719110648698,0.2199095969590558,-41.13785557986871,0.9975616748122218,0.15769534939476,-8.653878246383396,1.5900000000000003,-12.52962528023913,0.705387639496218,9.556189792937086,11.011467215524862,5.3,-65.32857142857142,4.41212417501835,11.85897435897436,3.682481298696594,1.037396666666666,0.100408148148162,0.0,-0.17402754547904778,-0.12862193672920644
2015-06-01,49.88407500000001,1.0687947874195023,1.7365501949101023,-44.2746044515956,0.9862502303354094,-0.3695598243135718,-14.486288215752795,1.67,-13.16417165987762,0.5799652343841376,5.2483637124215,10.028208744710865,5.3,-102.69696969696967,4.510819871990224,12.140575079872209,1.6194002854522216,0.9878966666666712,0.0454081481481551,0.0,-0.2898680469787287,-0.22080645512144995
2015-07-01,49.562125,0.9345211051862368,2.589476048837547,-47.77528510001869,0.94226127959225,-0.3884792296434814,-23.28892875117033,1.65,-15.511853672763642,0.5787110103330169,8.969425121848907,9.615384615384626,7.0,-115.04545454545456,4.593789876648247,8.637873754152825,4.085279713083101,0.8842966666666712,-0.0426918518518419,0.0,-0.34327556544041615,-0.30567666802156335
2015-08-01,49.22572500000001,5.331875540116871,1.197497102696965,-53.89521193092621,0.8016761839518666,-0.7188184400687284,-26.772105617951848,1.47,-16.278145247238342,-0.0584348076363514,-1.5568766628231367,8.335716328281384,7.0,-121.23809523809524,4.667070217917679,8.910891089108908,2.421686529599998,0.8026966666666766,-0.1415918518518424,0.0,-0.5763363294177695,-0.48322697858477204
2015-09-01,48.92804999999999,0.0442453397360598,2.7452943571015576,-51.46907746044791,0.707863013489414,-0.72676568836722,-24.082028805829847,1.46,-15.32486691239885,-0.6792757129411492,-2.649711756384709,-2.422145328719727,7.0,-129.66666666666669,4.768219904756177,8.813559322033903,3.2451733343080718,0.7813966666666659,-0.2324918518518473,0.0,-0.7079501937754735,-0.580798689221451
2015-10-01,48.69975,0.3100601185151319,1.5000910201600215,-44.8607768992781,0.7864147112450561,-0.4762587935654848,-22.580994674566742,1.4299999999999995,-12.791513922470957,0.2726803418595408,3.038081316121999,2.7917685997985497,-7.4,-88.91991341991343,4.879073396147149,6.643356643356646,0.0,0.887596666666667,-0.2824918518518444,0.0,-0.5217690564593129,-0.503161160797108
2015-11-01,48.5174,-3.6541689462521343,2.3030172168514,-43.37072921978582,0.8196308577245848,-0.6081494823845222,-28.49683815369032,1.38,-12.689237822442069,0.3454253368245472,0.6215055427653882,3.183315038419332,-7.4,-62.89783281733742,5.014343772412144,8.813559322033903,-1.5809965475739318,1.0192966666666765,-0.3072918518518435,0.0,-0.5524344484874407,-0.5035303804927456
2015-12-01,48.35887499999998,0.177049862621792,-1.4808845806720372,-39.48339483394834,0.6889208326591963,-0.6675350939666191,-28.04054944969712,1.2600000000000002,-11.180147490095528,0.1171565595205609,-0.726601583369757,0.7341944255608412,-7.4,-39.36363636363637,5.046417519638191,5.24475524475524,1.599968254698125,1.0606966666666722,-0.2998918518518394,0.0,-0.553986093275134,-0.5335670511828716
2016-01-01,48.23460000000001,-2.5829096270180707,0.9009301985486662,-35.92677345537757,0.5375629327551822,-0.7385369077317834,-23.30401643758554,1.19,-11.057847528013976,-0.596496925567176,-2.7443746585195883,-5.684941414725864,-8.2,-42.26052631578949,5.118320384318831,2.0905923344947785,2.8181466282054317,0.992196666666672,-0.2650918518518494,0.0,-0.6653082973560815,-0.6111172954570802
2016-02-01,48.160825,1.4323854390638102,3.9767908532826857,-42.689452787847394,0.5050649732265623,-0.9143388882851504,-19.73462587729328,1.05,-8.66533230007085,-0.4459900394326797,-8.185792349726773,-15.320100642996938,-8.2,-85.37894736842105,5.0384387936132535,11.627906976744184,4.8771637221462605,0.8854966666666684,-0.2110918518518474,0.0,-0.7035013062580526,-0.6386325301816597
2016-03-01,48.15954999999999,-6.258478428677828,3.310066062792494,-29.969528589352933,0.618538511470141,-0.6474595623023113,-16.598060161591466,1.0099999999999998,-4.218053047230619,0.3905774026648963,-0.3941215441827239,-11.199560801537189,-8.2,-32.363636363636374,4.924019319118855,6.690140845070425,0.0,0.8236966666666632,-0.1274918518518433,0.0,-0.45063144044752323,-0.4870481753693955
2016-04-01,48.2171,-1.6363190723655552,2.148702948983283,-28.86007745411685,0.6887412859214692,-0.7365527137345409,-19.3534025477939,1.04,-3.4459057302945078,0.5849821305886207,-0.9690675182569276,-8.48526387936943,-11.6,-33.3614718614719,4.968287526427062,6.360424028268552,0.3962352752225007,0.8263966666666676,-0.0732918518518488,0.0,-0.4105748536935563,-0.43001722094274447
2016-05-01,48.31164999999999,-4.363290098797467,-1.9263281982064064,-26.99814126394052,0.6799434957728373,-0.7421501020895948,-25.421698613772048,0.99,-5.439892226760223,0.5159998077769766,-0.4949250020166995,-9.376241557409614,-11.6,-49.29047619047623,4.9982441765187735,0.363636363636366,0.3950612476361748,0.8730966666666689,-0.0219918518518369,0.0,-0.5011553341447961,-0.4261743305028869
2016-06-01,48.43847499999999,5.0817083092387305,2.745978653196368,-22.232916265640046,0.6409818536860389,-0.5264997242035133,-20.41896036523168,0.91,-5.067480386893841,0.149766384849702,1.7328208384429278,-14.062299705166003,-11.6,-33.863636363636374,5.021872265966754,4.363636363636358,3.2061593704602487,0.8613966666666641,0.0276081481481611,0.0,-0.3742712674461728,-0.34364509126724097
2016-07-01,48.608875000000005,1.392377012324686,0.153733781544374,-19.3305888670127,0.6402636667351301,-0.0164495859127935,-10.846199660970369,0.83,-4.026595488866458,0.7279636724163925,3.315841508859973,-15.277244205404028,-8.5,11.46818181818179,5.060128972288402,5.454545454545457,3.199748054458396,0.7855966666666632,0.0096081481481604,0.0,-0.2049769411476774,-0.18823176672593173
2016-08-01,48.82102499999999,8.609317711891972,5.882203161532962,-1.8088955096829171,0.6612706350492105,0.3643434453773992,-7.326078052776319,0.8200000000000001,-1.3290075725062025,0.8232847003015735,10.078694642476837,-7.813118648541639,-8.5,63.8426501035197,5.152969753050729,4.710144927536231,1.985051150719652,0.7726966666666755,-0.0306918518518415,0.0,0.11252428634255796,0.014003362701125212
2016-09-01,49.079349999999984,3.4158079831291266,2.040277462233542,-2.222692633361567,0.6251817407660469,0.5808213489448336,-9.488715319373233,0.8599999999999999,-1.3221315401804157,0.5950159229975872,12.928964651593988,1.021276595744669,-8.5,80.42857142857144,5.178365937859608,7.434944237918217,1.184002895671088,0.8075966666666687,0.0385081481481535,0.0,0.1272151960363175,0.09085536260264374
2016-10-01,49.36142499999999,5.173706658664168,2.480117890976352,3.3458021612635003,0.6616297285246647,0.1571211393372035,-9.29489330130423,0.92,-3.2493021156722923,0.5486096331061175,2.250211603570329,2.029959400811965,-1.5,80.08809523809526,5.127031357290002,3.3707865168539297,3.979616607104486,0.84059666666667,0.1506081481481516,0.0,0.06472015299497867,0.09290932152645193
2016-11-01,49.64279999999999,6.941447726647265,3.523893067849304,4.54750112561908,0.7501462702241654,0.3259828165291634,13.563407570991082,1.16,-3.953654527287642,0.4670850697832652,5.691185872015625,9.109042553191472,-1.5,33.218421052631584,5.133458539639157,8.550185873605953,1.9752490193011285,0.9044966666666738,0.2953081481481518,0.0,0.18296405593289583,0.2143424996504885
2016-12-01,49.910775,12.134518793075031,5.545170535663191,43.3457051961824,0.8266331804959448,0.523693465473081,22.02106996807385,1.2900000000000005,-4.538784615425517,0.8145051319437279,9.53501570496198,23.970846268052348,-1.5,71.09956709956714,5.200543847722616,6.6420664206642055,3.1712115895126125,0.9553966666666724,0.4302081481481536,0.0,0.5108578163846118,0.46229241839163265
2017-01-01,50.15125000000001,8.760219931117398,3.6828294924778895,78.21428571428571,0.8734948790427393,0.9755781050260576,28.68582827011108,1.2200000000000002,-2.2140957908402426,0.9223684003401172,17.45299550571062,41.18098159509201,-1.4,132.5605263157895,5.376890092529907,13.523131672597868,1.1701484523252814,0.9501966666666704,0.5538081481481498,0.0,0.835348659644992,0.7203461481718716
2017-02-01,50.36449999999999,-1.1188701143042823,2.5651469351366085,67.13855421686745,0.8892949919627313,1.0205710470140024,29.18897408352941,1.22,-1.608919013280352,0.9324021927490836,22.327052162527217,56.27269725982173,-1.4,167.9578947368421,5.444206733475943,13.157894736842104,2.759818281679172,0.9763966666666732,0.6778081481481593,0.0,0.9093943947250588,0.824671688764115
2017-03-01,50.55724999999999,1.981844131628141,2.5231517574140883,33.017660609163045,0.8758289866331926,0.867849211830778,17.579030239412162,1.17,-3.362486080501625,0.8859959028576136,14.70962354471923,46.166924265842326,-1.4,114.28458498023718,5.518131806444382,13.207547169811315,1.9578469759781612,1.0773966666666723,0.73360814814815,0.0,0.6687816589631084,0.7179427087635528
2017-04-01,50.73975000000001,1.9953837209248928,4.83530077874712,25.39644970414201,0.8980927821113631,1.0204044502818883,16.646896817806823,1.0599999999999998,-4.319964805471144,0.730472120518634,15.4408560499685,35.575194727381664,2.8,90.16290726817044,5.572339711312502,12.83018867924528,2.343650587097934,1.184096666666676,0.7500081481481544,0.0,0.6375949026308798,0.6786578419222853
2017-05-01,50.92825000000001,9.323389419220218,4.927721643975702,7.935497559940585,0.9647046218081476,1.0259827189045378,19.27814013726585,0.9999999999999998,-2.805997813578309,1.016435204174177,15.014115672211204,33.47946806956013,2.8,98.09956709956714,5.6744704570791615,12.043795620437958,1.9521142324459675,1.2533966666666745,0.822708148148152,0.0,0.7201624765188521,0.7110297623556606
2017-06-01,51.13575000000001,1.497860849331989,4.751294542940876,-3.279702970297027,1.0180300029131204,0.8729853710252484,23.21837495718413,0.8499999999999999,-1.0762856804793053,1.0603330459634055,15.463156189550498,38.290572792362745,2.8,93.72727272727276,5.781406197934014,5.323193916349811,2.341364291283332,1.2768966666666728,0.9726081481481544,0.0,0.7185711777907547,0.7381999535677705
2017-07-01,51.35475,3.559840357535116,4.067178448227216,8.031950299534053,1.041819945661972,0.6609173035649011,23.02657814138009,0.9499999999999996,1.2595430366838525,1.0916886472414256,13.65016562384984,45.38996372430473,3.9,58.60000000000002,5.8615350586153525,3.846153846153844,1.5488579312401107,1.3071966666666697,1.1054081481481577,0.0,0.7629355477908113,0.7610937343779608
2017-08-01,51.579000000000015,1.8778830146607417,5.052540279744933,11.335067186822712,1.024314138733572,0.5919369753686429,36.49159137734734,0.8699999999999999,1.3751992131976087,0.8759621104486472,13.851079020705235,35.73371510379386,3.9,42.17391304347825,5.939940600593996,2.661596958174905,1.1622154090269676,1.3672966666666753,1.2496081481481554,0.0,0.7508774293331599,0.7759348587043944
2017-09-01,51.78474999999999,4.001875999808724,3.871249123800591,19.419787832864262,1.0147981616340314,0.6252868730739055,39.28190250307062,0.8200000000000003,3.0829732658219755,1.069112614321251,16.192171639140884,32.96826734063465,3.9,47.923809523809496,5.968271334792119,-7.63052208835342,4.298366565014478,1.436396666666667,1.371908148148151,0.0,0.8628649797651377,0.8493026510206987
2017-10-01,51.95025000000001,1.0660318412613057,2.359252013926727,15.865674643072602,1.052143883081285,0.9994135286857488,43.8855611401614,0.8099999999999998,2.278481458862636,1.1079935599059958,21.12315687980624,37.788144895719,8.5,51.24523809523805,6.009144350097961,5.813953488372093,1.5428837716591426,1.5161966666666729,1.411108148148159,0.0,0.9574135915110071,0.9271771770234106
2017-11-01,52.06025,8.79760098098663,4.776713648189057,34.73298880275626,1.086616856724904,0.7463921025266153,25.23642754539133,0.6500000000000001,4.258122860280345,1.0565703738100432,20.409676143004617,21.99878123095673,8.5,59.24523809523805,6.052076002814921,-0.4065040650406581,6.297320121844452,1.5378966666666685,1.4302081481481537,0.0,0.9691875601562443,0.9253436735418953
2017-12-01,52.10799999999999,13.57239811833868,5.929668688706524,18.753467727020517,1.0999033153167157,0.5694919550419817,20.732640207761,0.5599999999999998,5.961589350051899,1.0916886472414256,19.41996489237683,16.135002721829082,8.5,58.10952380952381,6.160473882606343,3.9525691699604737,3.079659743969887,1.530696666666671,1.4511081481481511,0.0,0.9344299716384251,0.9035263142752764
2018-01-01,52.10274999999999,11.79875336498446,7.283830462782048,25.68773911459281,1.109239745678529,0.7328296965315568,22.78697241839516,0.5500000000000003,8.00520945648795,0.9913507231517612,23.912728676931994,22.39000543183052,10.0,55.173809523809496,6.1626599560957285,3.703703703703709,-0.3814969426019332,1.5316966666666758,1.453608148148163,0.0,1.0288989319457895,0.8922634974727514
2018-02-01,52.047750000000015,0.7040403540578,0.7268204294338831,17.895116237159847,1.0239550452581176,0.6329542322297655,17.936814393754496,0.6799999999999997,7.294411662378019,-0.438464695125955,14.815707975833892,18.516953628393363,10.0,29.26315789473688,6.3591222168829065,3.8961038961038974,-3.365755879107901,1.551096666666666,1.4223081481481614,0.0,0.6209084080751628,0.6708263658178517
2018-03-01,51.9295,-10.04985374935481,1.9786975222287675,27.86222820858189,0.9192792971631706,0.3710428095915323,16.731534878610322,0.56,6.66512185294642,-0.0070116215403984,11.772448703189545,17.267632441577675,10.0,10.403726708074544,6.368037452785025,1.7391304347826098,-4.090574368113852,1.5629966666666633,1.3455081481481557,0.0,0.5229066159108937,0.5658097868411768
2018-04-01,51.7465,-3.375564959806188,2.539741506176796,35.20196300490752,0.9368748774604344,0.1404471803517703,20.54240926124669,0.4900000000000002,5.947906156497618,0.0870551822936618,11.066605150574627,18.020108275328678,11.3,8.313283208020039,6.322204557498679,4.329004329004327,2.314272635474013,1.5527966666666655,1.3078081481481547,0.0,0.5853783566002152,0.5597743957795708
2018-05-01,51.50549999999999,1.576079150108356,4.203304771287963,50.67819933162967,1.009591306239943,0.2195041776102438,21.889398452735563,0.4700000000000002,2.8112421680198785,0.6075581635087954,12.168090223069903,19.0168600832056,11.3,-32.363636363636374,6.22956008017721,7.883817427385898,4.269176622414661,1.5471966666666646,1.312208148148159,0.0,0.6617774886699255,0.5796924876399379
2018-06-01,51.20474999999999,7.908556367080433,2.31941653009915,60.35402004691832,0.9885843379258628,0.2373836101129368,21.78587912779557,0.3800000000000003,-0.0745829870973935,0.6627440217581106,12.171279313034123,15.791176787833038,11.3,-52.45238095238096,6.142699637738214,10.441767068273087,2.309818193094282,1.5604966666666655,1.3117081481481565,0.0,0.6317138409043006,0.5565303047416538
2018-07-01,50.84900000000001,9.548052822315434,2.114413320694397,52.88560279318135,0.9910979922540434,0.2094027737092571,4.4381733365412845,0.2800000000000002,-1.7998282019005885,0.7292178964675132,14.005991175160904,11.155005717850086,15.9,-37.60714285714283,5.975762641036364,16.000000000000004,1.914737441078329,1.5797966666666667,1.2643081481481602,0.0,0.574531249633912,0.5159144788547776
2018-08-01,50.4505,3.3685651265384697,3.452587284684117,42.3593537083901,1.05501663088492,0.20117028899127,-6.700659766283302,0.25,-3.571873757459776,0.8044713395347614,17.392025569963376,16.211370108638334,15.9,-57.86956521739131,5.715917350223232,19.140625,-0.3775361526567322,1.532496666666674,1.1998081481481506,0.0,0.48377256145825553,0.4485563899627143
2018-09-01,50.028000000000006,1.276294909835296,-0.883028244786721,42.96591733139958,1.0740485850840011,-0.0779248863955376,-8.00359425102285,0.2299999999999999,-4.79953920014109,0.7593192736944125,15.66350184173757,14.64625131995776,15.9,-70.97894736842102,5.461772753084504,23.134328358208958,-0.3789668880605612,1.4565966666666696,1.061208148148154,0.0,0.33846507907712786,0.3075678811919146
2018-10-01,49.602425,1.7989940668194926,2.4521924351502022,39.65636931620966,1.0225186713563,-0.7307057741413941,-8.637552147599747,0.29,-3.554990026080085,-0.0484010152273852,5.299659063550855,0.5875323640708974,15.9,-71.68614718614714,5.288560279318144,11.934156378600823,0.0,1.361396666666664,0.905908148148157,0.0,0.062245250240031004,0.06637267603053693
2018-11-01,49.209700000000005,-3.7742931979170335,-1.4407053067789557,4.155346012466032,0.8966564082095457,-0.6451560723266959,-9.237902014927013,0.2600000000000002,-4.502826917108571,-0.0534179114318683,4.252562717651598,0.0599400599400556,15.9,-84.84523809523807,4.966566280434881,7.692307692307687,1.9056158113640809,1.2548966666666672,0.7979081481481529,0.0,-0.12135258560719166,-0.1279728313194238
2018-12-01,48.86962499999999,-7.074664817701493,0.8332390432768122,-12.069771063697232,0.7699179569826827,-0.7850355370870119,-11.100120136554736,0.1499999999999999,-4.812592107565394,-0.750766483855035,-6.237259734965095,-16.61198087559763,15.9,-109.61578947368425,4.560211017550975,8.230452674897116,0.0,1.1777966666666655,0.6392081481481569,0.0,-0.45086724539029416,-0.36396346396689905
2019-01-01,48.612325,-6.429419290840177,-0.1703819008393781,-14.088998405566011,0.8429719336291183,-0.752442563185469,-15.946418336081292,0.1699999999999999,-5.61635264238145,-0.0759939443520427,-4.2393078854455535,-16.97141842712586,-2.8,-102.0,4.150695985475084,4.273504273504269,0.7590098795060118,1.1528966666666634,0.5093081481481505,0.0,-0.4811390659655253,-0.3922388899907717
2019-02-01,48.44995000000001,-3.490275764144668,-0.1139763383334324,-1.9718740446346803,0.9959457541726772,-0.5973550820567025,-10.076757077693356,0.1800000000000001,-6.282297926337277,0.468339293834386,2.603700305472345,-12.165775401069522,-2.8,-64.15789473684214,3.830321285140581,1.3513513513513489,-1.8699811548084977,1.2189966666666692,0.38630814814816,0.0,-0.2799995698205334,-0.2581723097568559
2019-03-01,48.358075000000014,5.389015284354026,2.510066594480609,-0.0601956358164179,1.0690212764276403,-0.4286515946246192,-5.290637988698643,0.1599999999999997,-6.333003542472615,0.5611518736173255,7.328266821161211,-12.4706943192065,-2.8,-51.95238095238096,3.551065319595881,6.63716814159292,4.24447034923483,1.299896666666669,0.3006081481481573,0.0,-0.10253590841490628,-0.1336421361627312
2019-04-01,48.29619999999999,-1.1868697577020917,2.32256713080099,-0.6003071338824384,1.0948760066603545,0.1801151546013399,-6.030057607739037,0.1899999999999999,-6.448101505048021,0.7543023774899295,11.245255943052436,-7.320726455719894,4.2,-41.71428571428572,3.4242137267607164,4.524886877828049,2.6703348253576342,1.3180966666666762,0.1839081481481628,0.0,-0.001440418488443146,-0.06621669044786914
2019-05-01,48.24369999999998,6.980611184758612,4.729485829422719,-7.9843444227005955,1.063993967771279,-0.7375868927484903,-11.829129104050107,0.1899999999999999,-4.42191144290256,0.2814599102173865,1.7295870652467291,-10.376230337595429,4.2,-24.04545454545456,3.331843686379665,1.3513513513513489,4.228157733986504,1.2859966666666764,0.0481081481481595,0.0,-0.16118079496951493,-0.14707431937304086
2019-06-01,48.20245,-4.678486712087104,-0.0851939889905839,-15.813273041627872,1.0247630055778898,-0.2483214289376508,-15.556298863313367,0.2599999999999998,-2.288726777757688,0.391831626716017,8.217792279932468,-10.843036795528649,4.2,3.0023809523809746,3.1557600039570755,-1.3452914798206317,3.04160852349078,1.190096666666676,-0.1297918518518486,0.0,-0.16418886867478166,-0.1442860806187043
2019-07-01,48.17435,1.4509790520666366,-1.1538205533941692,-14.024717893605589,1.033291475619931,-0.1955691096928235,-4.952205735311765,0.2199999999999999,-1.784989319782948,0.7091503116495803,5.826459633063363,-6.659184436962217,2.8,11.03896103896102,3.120070977917977,0.952380952380949,1.889414021059932,1.0666966666666724,-0.333391851851843,0.0,-0.0927023998037081,-0.14554899066403618
2019-08-01,48.170225,-1.056579174376271,-1.2623890640963809,-18.979898810337748,0.97601606628496,-0.3580498002791764,-5.645466489286988,0.0599999999999998,-2.8716103437006923,-0.0019947253359153,0.8595494775152313,-15.892176438555094,2.8,10.816205533596817,3.1331336247114816,-1.932367149758463,4.570699028745251,0.9257966666666704,-0.4941918518518378,0.0,-0.30199840157818547,-0.23649868909433766
2019-09-01,48.20709999999998,3.579160582540486,2.2058257428615,-20.96119705807761,0.9160474558840812,-0.157340407869312,-4.81774190349642,0.05,-2.84470282357705,0.4269499001473995,2.153755344923436,-8.759325780602367,2.8,39.07894736842104,3.1964364383963995,-1.4563106796116498,3.40073703240924,0.9072966666666672,-0.6164918518518476,0.0,-0.15818936985076867,-0.16356019489587675
2019-10-01,48.28777500000001,-0.5739454285802359,0.2837682666838592,-26.22095190754319,0.9465704012977022,0.5440994277357974,-7.432805056281843,0.1599999999999999,-1.6676637815647988,0.4382379166074867,12.015163695634534,-0.5940005940005988,-5.4,42.136363636363626,3.2478299034429003,0.4672897196261627,-1.8543771590141644,0.9769966666666648,-0.6161918518518377,0.0,-0.0639642905446232,-0.032643107095349115
2019-11-01,48.40509999999998,-5.094991857595299,-0.9579419616501328,-3.7287095289243566,1.0183890963885749,0.5769814745023834,-5.422439282624703,0.1999999999999999,-0.336148197884123,0.8082340116881239,13.796613976675353,8.57627795527156,-5.4,86.38157894736844,3.4623614082863297,0.8771929824561431,-1.839031415220016,1.1089966666666695,-0.5494918518518404,0.0,0.11202247080219108,0.12808140811882554
2019-12-01,48.52474999999998,-2.2462983471196463,-2.3804289629282827,16.631243358129645,0.989841165089953,1.114899996510201,0.0286404666750117,0.25,0.2600424397522394,0.6527102293491442,28.87807407702896,25.890949971894315,-5.4,131.4586466165414,3.7791684859069594,-5.3811659192825045,-0.7380042281513566,1.2035966666666695,-0.498291851851846,0.0,0.442221783728894,0.2739623227994481
2020-01-01,45.9723,-14.741637958662768,-10.988095426290878,7.305550868905009,1.0744076785594556,0.6385788366964334,1.5509083867926154,0.24,-0.7312842693929289,0.6301341964289698,19.28257091083909,17.46846268975837,0.0,113.71428571428572,4.111181056607438,4.91071428571429,4.968009060214218,1.1333966666666695,-0.5598918518518445,-1.4658099389712291,0.11202742060647497,-0.021166846187580635
2020-02-01,40.757075,-10.080786359081872,-6.496453833876769,-14.23670668953687,0.8286081946109438,0.2185452774490393,-9.725275335727856,0.1699999999999999,-2.0080760053490465,-0.0835192886587674,6.095550711261311,7.265347539320133,0.0,74.26315789473688,4.356234588792729,3.65296803652968,1.496699912260513,0.6609966666666764,-1.0402918518518476,-8.361463187325256,-0.4316859410782916,-0.7105629772488558
2020-03-01,33.42279999999999,-22.25625905817969,-18.512807011350684,-50.33880439692817,-0.1556670216094665,-0.3328768664545949,-19.517630360309717,0.42,-5.435624458219168,-4.86336714748015,-8.813505503810326,-25.96064695580508,0.0,-135.09956709956714,4.516035548686248,-1170.6161137440758,-24.737529793581132,-0.3486033333333296,-2.0664918518518505,-40.97692589363557,-2.5021810052761952,-1.9626339919643265
2020-04-01,22.504950000000008,-47.81777922433096,-47.32494943943303,-67.21910112359551,-0.4448270427190928,-0.2425084098990861,-21.44008722718207,0.44,-7.290104670258657,-2.820236168204361,-1.1338060920012438,-30.4949494949495,-41.5,-214.09523809523813,4.477108433734944,-1885.7819905213269,-53.91906684181901,-1.4225033333333243,-3.192491851851841,-78.76027207207207,-3.6632136128025414,-2.559501995239613
2020-05-01,32.442475,-46.00717297177105,-35.77211993467456,-56.0187154402382,0.2079151222880764,0.6989393984817405,-12.929261037903585,0.5,-5.741418831398426,-1.497029794271913,10.6193178927785,-28.676998870984303,-41.5,-138.20000000000005,4.2383469485824055,-838.3561643835616,-21.078008981490186,-1.7531033333333284,-3.311391851851837,-73.46766695727986,-2.4146523036783245,-1.9942599232837432
2020-06-01,41.62907499999999,-17.700713187341922,-1.1618690286569475,-36.91943127962085,0.6325431570128613,0.5298826060127797,-2.1697553478867597,0.54,-3.6815444553315535,-1.524622723396571,5.388950832154893,-17.385853097899904,-41.5,-56.32272727272726,4.277151762167342,-556.1946902654868,36.85287620852704,-1.552903333333333,-2.56189185185184,-63.86065405405405,-1.2297262650654386,-1.202087784976715
2020-07-01,45.47817500000001,70.12339310234945,96.91577666532244,-33.109375,0.7860556177696018,0.5772336842551027,7.258802935433928,0.47,-3.1390991817695117,-0.9878148295168668,9.755131895932736,-26.042084168336665,-71.2,-61.409090909090935,4.799005783662347,-528.3653846153845,131.85660183631546,-1.2846033333333366,-1.6644918518518494,-58.73446904969485,0.45709741013839,-0.38524697319197604
2020-08-01,47.61027500000001,75.7782472641165,62.12062961278202,-25.299578059071735,0.8968359549472729,0.887306064216589,13.82797612375295,0.51,0.1324504442341667,-0.4923963293241495,19.609015670810457,-17.12528326319198,-71.2,-11.15367965367966,5.837817246797772,-322.74881516587675,42.93393078840846,-1.0398033333333243,-0.9870918518518436,-58.10059982563209,0.436657623763949,-0.08015326439843787
2020-09-01,49.33029999999999,44.89931751176455,36.604703001709325,-34.07668859297288,0.8950404875700011,0.7271092742006245,16.419672700438426,0.55,0.8359763015037713,-1.0894069776576518,12.975940122415809,-24.27821522309711,-71.2,-40.88095238095241,7.067640641305384,-302.3923444976076,12.707784865168549,-0.8324033333333318,-0.538291851851838,-55.39832252252253,-0.0726045085925785,-0.16859991448214645
2020-10-01,50.34300000000002,22.76022764221428,23.9398212952892,-31.83425972713492,0.8876790713231866,0.5066527906843568,16.613864137703448,0.64,0.8278634954598241,-1.313913082808276,7.650877678136392,-22.65710586594961,-37.7,-47.83116883116884,8.473455507273764,-274.17840375586854,9.822800664276675,-0.7548033333333279,-0.2224918518518421,-53.14118047079337,-0.15900945080060536,-0.17069650240422446
2020-11-01,51.041750000000015,20.416458717573672,19.518773787468536,-31.09658909786421,0.9758365195472328,1.0049797345677065,20.63089275505763,0.7,2.1114538068540134,-0.7570376041106391,15.302548886016476,-19.77011494252874,-37.7,-37.63157894736844,9.611769129535633,-234.95575221238937,-3.198318619979668,-0.7408033333333321,-0.063091851851837,-54.08716216216216,0.01967213390062214,-0.022209441851854063
2020-12-01,51.77050000000001,12.908821991620536,10.075205949401123,-24.267274107820803,1.0634553275580976,0.9102757206915276,27.894738574244784,0.79,3.4599377445871604,-0.4271766786658678,16.25892199406953,-15.1187712091445,-37.7,-41.46103896103898,10.5693717277487,-252.7659574468085,-1.7737919268435265,-0.6275033333333369,0.1503081481481558,-55.57080383609416,0.07277477506597615,0.11919414330338343
2021-01-01,52.2125,12.077675031107816,7.949965590742058,-14.22955974842768,1.1031351565958043,1.139623967809118,32.1816020334228,0.95,3.289486239518935,-0.7457495876505519,15.15166546789355,-5.29668729523115,-5.5,-39.1854636591479,11.451162790697666,-291.07981220657274,-5.9190957727241145,-0.4915033333333269,0.3732081481481515,-57.3756652136007,0.2529452486794842,0.3516866507526085
2021-02-01,53.1657,2.9549025346556013,2.173459867437111,12.654545454545453,1.1185761760403423,1.4635775097270722,48.93305788756539,1.14,4.021403387013168,-0.5237519306021696,29.00697984577996,3.9163749881751855,-5.5,-19.0526315789474,12.272979985174205,-257.81990521327015,3.676089416798889,-0.2247033333333234,0.6994081481481516,-56.752741312741314,0.5978123130613048,0.797873118132043
2021-03-01,54.7881,10.594241038663355,3.9041290389246086,97.66525166767738,1.1464059203880554,1.746971046208471,73.43028539563889,1.4600000000000002,6.3509572997462405,-0.3607028039564651,53.714515648516766,66.5228885487686,-5.5,179.51778656126487,13.415592217754993,75.15852293920179,22.48772795718834,0.1726966666666669,1.0883081481481582,-56.56290671316477,1.7987749322352986,1.5828273619630648
2021-04-01,56.5682,7.578270173475721,11.159521214555168,177.50642673521847,1.201167675394846,1.4595617038067157,84.35894242156436,1.48,8.63722752134769,0.1936642266389298,43.56293541819032,78.94201424211596,15.1,261.19047619047626,14.857696388209796,86.51551312649165,21.00726608228478,0.4891966666666718,1.3843081481481505,-57.22185405405405,2.281354496114248,1.9686204658080109
2021-05-01,58.2754,3.813046401089415,10.398829042850744,119.34235976789172,1.237974756628918,1.3413567585692854,93.93701704062916,1.4600000000000002,9.299596297353506,-0.0998242013233381,38.097302837096095,89.4948913512736,15.1,205.40000000000003,16.748109902268116,77.8588807785888,19.217003463081884,0.7211966666666711,1.6345081481481571,-55.53035571054926,2.1873384826546785,1.9789867732004869
2021-06-01,56.5405,-2.766357316210566,12.607793959870484,82.9952416729276,1.2393213571618722,1.26259483627387,67.370451464915,1.32,6.767321264140191,0.2513585329904869,38.61606494876286,61.83128873150374,15.1,123.0,18.669241734492115,72.757923128793,1.7159625759540331,0.860896666666676,1.8107081481481515,-53.09505225225225,1.7845542605840703,1.771675919443022
2021-07-01,55.7861,-4.3270798250135245,1.0772013612178275,73.76781125905161,1.1968585536893934,1.0495857240218625,48.30724712277519,1.1,4.740668969584627,0.1710881937187554,34.36559955000122,66.14279907871561,32.4,91.70346320346324,19.753705815279357,71.69089517980107,0.3452737402659611,0.7634966666666685,1.89970814814815,-51.02670967741936,1.5915835726409198,1.601456267251398
2021-08-01,52.5969,2.864269116405516,2.917855737701447,58.20153637596024,1.1613082996194115,0.9117038165294672,44.17951235124497,1.06,3.029450520884547,0.1873931063833262,29.20798443566428,65.85937500000001,32.4,62.69913419913422,19.95321005983712,59.97757847533632,0.6896526186003449,0.5330966666666654,1.925508148148154,-50.52065213600697,1.4124691637779918,1.4478217257513508
2021-09-01,53.3408,-1.7975274874083458,-4.7843325186674,81.552689218788,1.1666049283823636,0.7592739596193322,39.07306596668108,1.13,2.492025741105408,-0.1073495456300628,28.08623253047873,69.69737368350886,32.4,70.57142857142861,19.705830232146027,58.50178359096314,-3.6831518540204167,0.3718966666666716,1.960308148148158,-48.95098018018018,1.3211669426337007,1.4019905725194364
2021-10-01,54.4504,6.120288130645357,0.0,106.69631826043984,1.149817308404872,0.9704394993561491,46.40301110695712,1.19,1.4823829372653918,0.1372241443384938,40.83903167011218,76.84779809425703,18.2,56.185714285714255,19.14133937124445,64.99372647427855,6.708533217840529,0.1907966666666709,1.9789081481481503,-46.3772502179599,1.598037281229928,1.4756765248797952
2021-11-01,54.7752,15.67995921470271,8.598551127034648,86.83784408975248,1.0336505690953854,0.7257214783835341,37.629422357902406,1.05,-0.7812554777280045,0.0582080291178832,26.10343961144568,59.02578796561604,18.2,28.149999999999977,18.909995283221125,69.0885072655218,5.607774083595141,-0.030303333333336,1.9727081481481576,-44.26665405405405,1.3705542765551222,1.284510296092159
2021-12-01,54.2878,23.80871341544721,13.072928875452616,49.00741929015442,0.9756569728095056,0.6510640004867764,22.88838224244234,0.7899999999999999,-3.490016014412989,-0.2992458254515459,26.8927362908572,38.68490268279852,18.2,-2.818181818181813,19.020843022026803,73.46200241254523,1.3781020005205535,-0.2649033333333364,1.8784081481481536,-44.34340017436792,1.1153894332528156,1.045467656939298
2022-01-01,51.0649,12.064081223631227,8.449969570728388,56.79193400549956,0.9928934596313151,0.0451627483197176,22.70642173064983,0.78,-3.184219189091486,-0.5287688268066528,21.573996295339025,34.25908129925044,14.5,-13.55263157894734,19.38903263500542,71.18847539015607,-1.349053200610284,-0.5930033333333284,1.738408148148153,-44.45150130775937,0.7562272560324412,0.7602987898782401
2022-02-01,53.5656,0.3104683801269159,5.841360383516125,54.551323434473865,0.8609266074018365,-0.2258841949159828,17.379771312274663,0.49,-2.660843746178032,-0.8511044079446993,14.766933865106324,26.4815657715066,14.5,-36.10526315789474,20.104815747121684,70.86092715231788,-1.0122229822780215,-1.0501033333333254,1.5869081481481544,-41.63612741312742,0.5257680908993478,0.5118350623583925
2022-03-01,52.9019,-11.66909603905667,1.1560944876598978,77.31247123791994,0.6952049684796477,-0.288378024796084,13.825160626373313,0.2199999999999999,-2.606571928220891,-1.0041197421814372,14.033109398951392,6.44217914438503,14.5,-83.13043478260875,20.711433461005637,67.71771771771772,4.868684731627093,-1.5865033333333258,1.3790081481481593,-35.714247602441155,0.26841926595008064,0.24556220753635
2022-04-01,51.2695,-4.865072685730554,-0.5104960545211923,63.3163501621121,0.6395454797842215,-0.7397470745353293,8.971325988061963,0.2099999999999999,-4.027707860001084,-0.6780214888900286,-1.1776607982933007,-4.263786242183054,1.5,-38.95476190476194,20.590361445783124,62.30088495575221,3.7943202049402815,-1.967103333333327,1.1935081481481546,-30.21134054054054,-0.03197135794325079,-0.0448165248228252
2022-05-01,51.4429,2.541542043866807,-2.515122801515413,65.15285126396238,0.5161968709656475,-0.6497847825004223,-7.723108806658551,0.2799999999999998,-7.628562667978267,-1.2976081701437052,-1.7116583533732466,-15.95534629404618,1.5,-90.31904761904758,19.751233958538997,53.84615384615385,1.708632865883586,-2.3285033333333303,1.0104081481481586,-25.918027898866608,-0.29345901971801625,-0.29080818720890916
2022-06-01,53.4683,10.972769510452364,2.3414144916027,64.33556863281787,0.3587343819789091,-1.153006781925274,-6.302652753984328,0.1400000000000001,-7.5714053973150675,-1.1621519726226588,-11.916695753344964,-16.934979681150352,1.5,-106.72727272727276,17.855620568062914,47.277227722772274,-2.3420147124618373,-2.69450333333333,0.7325081481481561,-23.3564972972973,-0.39031085260173637,-0.4702469848371249
2022-07-01,50.8733,7.577367720075223,2.9250896029250795,46.41752923780078,0.332879651746195,-0.8812576083952596,-20.167667990714023,-0.1400000000000001,-8.56856292006336,-0.7570376041106391,-6.028539836096158,-14.882165864796548,-24.2,-145.62619047619046,15.546922608165747,40.810810810810814,-4.95974980849434,-2.888603333333336,0.4151081481481498,-21.942394071490845,-0.6481981774279864,-0.6505625231587416
2022-08-01,49.3569,1.587501054366891,2.8668317095585927,40.81690945444159,0.4161893380516073,-1.1128203639102814,-14.81621405870136,-0.3500000000000001,-7.861555080355376,-0.4020921976434519,-12.551849788178693,-13.55000785052598,-24.2,-97.18774703557312,12.93226314605056,39.77591036414566,-1.6799290460787877,-2.880603333333326,0.120408148148158,-20.830481255448998,-0.7318735348438005,-0.7912777470261183
2022-09-01,49.6404,4.103237675754445,1.7099628630777408,20.85790884718499,0.2721928543944075,-1.2624871897400731,-16.930285231390563,-0.3399999999999998,-10.710854185067852,-1.050526032072907,-16.759449709114715,-18.50106057035118,-24.2,-115.09523809523812,10.695780903034802,43.26647564469914,-0.3391264434024488,-2.8611033333333324,-0.1491918518518389,-19.50355855855856,-0.9896178500840385,-0.9919165893066314
2022-10-01,49.1089,1.159968543560974,-0.9373253070334432,11.332934847579178,0.1924741028435388,-1.2935809091660715,-22.159845847381572,-0.3999999999999999,-11.762833860086698,-1.385403853722162,-15.924853106584036,-27.231687782146498,-39.1,-137.64999999999998,9.187924859293917,27.24014336917563,1.3721926446731203,-2.7708033333333333,-0.3372918518518446,-17.176350479511772,-1.2503658744521076,-1.1446003069579693
2022-11-01,48.0842,-7.269271568290014,-0.9103493703613186,12.752259502290444,0.291404355331216,-1.2064391398717056,-17.25827174706287,-0.6099999999999999,-8.577195542561157,-0.5438195154201025,-10.66104663893146,-23.56036036036036,-39.1,-86.59999999999997,7.619631459377585,9.829059829059828,-3.6831518540204167,-2.600503333333336,-0.464991851851849,-16.149664864864864,-1.119756052241674,-1.093271052528625
2022-12-01,48.2081,-12.409113433371456,-4.979959853992999,8.868254609070124,0.3558616341752742,-1.3773284782484934,-12.31031139607881,-0.6699999999999999,-5.552288555280671,-0.3531774596497404,-19.44282423240416,-23.73691397360036,-39.1,-47.00649350649354,5.754475703324835,5.454545454545457,-5.327678322533136,-2.3419033333333346,-0.5139918518518414,-15.5802074978204,-1.1664761678043063,-1.0688280248729394
2023-01-01,49.74,-9.89776569761165,-3.544920168989807,-2.85280018706886,0.4964467298156576,-0.989557125037798,-7.609529008396754,-0.6800000000000002,-4.148915177946644,-0.1512473874192911,-9.720853495144564,-23.30541836661656,-44.8,-38.10000000000002,3.9254753914988783,14.583333333333336,1.7115572231182208,-2.045503333333329,-0.5122918518518418,0.0,-0.9424332419947601,-0.9142555006054691
2023-02-01,52.0599,-3.736282319747564,-0.228694757636938,-13.62781954887219,0.5310992501970037,-0.93340797857821,-10.123330889444714,-0.7800000000000002,-4.618092361847248,-0.144976267163687,-9.231722428748446,-19.339283143803087,-44.8,-13.31578947368422,2.2436007558838567,1.8181818181818188,2.072470025935802,-1.792503333333329,-0.5229918518518417,0.0,-0.816621622984752,-0.799452138734553
2023-03-01,53.3231,6.742091469004086,3.4716309666203093,-32.06159702396402,0.3314432778443775,-0.7315394117722798,-13.435585760378622,-0.6399999999999997,-3.830225606840787,-0.3356183229340491,-9.29496447341409,-30.16720307716462,-44.8,12.739130434782624,0.8101265822784809,-5.116279069767438,1.7338131186396266,-1.6125033333333365,-0.5678918518518401,0.0,-0.7823918255435842,-0.7443782215827616
2023-04-01,53.9847,-0.6681381680157861,-0.7436103529685489,-20.4859141614672,0.3097181225793885,-0.499477178103683,-13.304885753706674,-0.5599999999999996,-1.7720587733253137,0.1434952645940979,0.9087762861422988,-30.57346454021038,-46.0,-46.26578947368421,-0.0732673926799098,-1.4084507042253502,-3.3441844008053168,-1.3988033333333334,-0.6489918518518465,0.0,-0.725261223917843,-0.6511117482553521
2023-05-01,54.2607,4.5322074220012,-0.4318962221032341,-32.633265106345114,0.3702253731934488,-0.2367326876563477,-12.36708381544499,-0.56,0.0558914986440672,0.1660712975142723,1.1538787314110177,-31.345441402367392,-46.0,-4.199134199134221,-0.4055791868631808,-9.047619047619037,1.0269492197984231,-1.2170033333333237,-0.737191851851847,0.0,-0.6001688466523079,-0.5249920850628811
2023-06-01,52.5641,-5.01799847491583,-1.6382250303946466,-37.63324450366422,0.3928482621470737,0.7196340464216843,-6.958200269046555,-0.8899999999999997,0.6072032906285996,0.6226088521222449,17.567588987103022,-24.376705240380105,-46.0,37.57142857142856,0.0065757027782442,-17.37089201877935,4.534830333271289,-1.0480033333333267,-0.7994918518518404,0.0,-0.3509277322985571,-0.3185522100394302
2023-07-01,51.5747,2.912382696018345,3.364888044372738,-26.45978699963276,0.4599987420570396,0.333949483948198,12.35113939250956,-0.9300000000000002,3.830512451202106,0.6313884204800906,11.105031365836291,-18.490132209235487,-50.8,117.04999999999995,1.0448941921023192,-6.392694063926951,2.065336346859814,-0.9714033333333276,-0.8197918518518463,0.0,-0.1888315632962376,-0.21631852811577898
2023-08-01,50.5771,-0.5061556008872481,1.2541037634401286,-12.616632860040566,0.5668290510047128,0.5375498425748304,4.601570565182955,-0.7300000000000004,2.01221900019376,0.3905774026648963,13.973704171934266,-23.81946966945151,-50.8,69.43478260869568,2.6834938558618404,-12.09302325581396,-0.3397024533062787,-1.067303333333328,-0.8197918518518463,0.0,-0.29541030088576026,-0.22015945287645577
2023-09-01,50.5272,1.6191604669095971,0.6125556370616181,4.25909494232477,0.5889132997451562,0.8544440746214028,6.85126923409598,-0.6399999999999997,3.144323083954248,0.4758646381411109,19.590196395602444,-22.604588394062063,-50.8,76.3047619047619,4.078903376797061,-9.595959595959602,-1.350191609383944,-1.219703333333328,-0.8189918518518482,0.0,-0.14295020394230354,-0.1605609641397833
2023-10-01,50.0648,5.355081703435016,2.319341817615772,-2.222699452378385,0.5203264459333727,0.4731263748333666,3.739341374028249,-0.2700000000000004,3.1247891836091117,0.0092932911241718,8.311509873501421,-24.8449069441665,-33.9,90.46428571428572,4.84335252376491,-3.940886699507384,-1.3524742005206258,-1.317703333333327,-0.8459918518518492,0.0,-0.2483477287868397,-0.20912082825947292
2023-11-01,50.4979,-0.4289538056397979,-0.1522842363481436,-8.66366531239704,0.5445652555265423,0.3818674992253764,1.7358065854561566,-0.3799999999999999,2.9079066772284445,0.6201004040200034,11.95286401592115,-23.94870827833302,-33.9,58.68809523809523,5.233882857525796,-3.3175355450236976,-0.3399911926504795,-1.2131033333333363,-0.864091851851839,0.0,-0.23892523976124752,-0.15506711978372092
2023-12-01,51.0319,3.766255279474207,0.2035622751344501,-3.7577255871446336,0.6244635538151382,1.2120903163230023,0.2930009312988035,-0.4400000000000004,1.9644240610041552,0.7831495306657077,24.230498762859742,-8.146821844225604,-33.9,53.49285714285719,5.747010613999715,0.961538461538458,-1.6912938038367686,-0.9001033333333339,-0.8132918518518437,0.0,0.06781341818790974,0.031222711582538795
2024-01-01,51.7512,-2.3385196877223846,-0.8609179533337286,-3.4420507883018425,0.689459472872378,0.7761148380226677,-7.73482924778297,-0.2600000000000007,-0.3483011866278307,0.6991165192406139,18.864985527154964,-10.947270181987868,-14.5,42.457142857142856,6.219097911271065,-3.4146341463414664,-1.357062614260085,-0.5692033333333342,-0.7256918518518489,0.0,-0.004012125843742373,0.08057290277320643
2024-02-01,52.0501,8.176840934172326,1.919024152299298,1.2694958287994274,0.7402711996491703,1.1077500102731137,-7.068020352282012,-0.33,-0.6296318461553652,0.6251173002244865,28.364671360024182,-15.51708753457659,-14.5,47.49736842105267,6.5293366489683535,2.777777777777779,-0.3402804232555567,-0.3876033333333311,-0.6520918518518499,0.0,0.204465624668136,0.22246275345411154
2024-03-01,52.263,-1.3105730267872762,0.4582185589315779,8.748249076785953,0.7777964678341514,0.9268761650997293,-1.8876936331271188,-0.3799999999999999,0.0713901196736976,0.6489475571957819,27.86453200172292,12.45503597122304,-14.5,97.68260869565216,6.509291813159224,4.424778761061942,1.0295925463411404,-0.3244033333333362,-0.5776918518518386,0.0,0.3235226758595673,0.3447765438071934
2024-04-01,52.3318,5.883730317973557,2.285108583396944,7.062180477945534,0.747812162633712,1.025494925111739,7.435336265043557,-0.33,-2.430036957493442,0.3542049051823929,20.77501271141726,23.5948191593353,-15.6,119.04306220095695,6.348941843026168,1.851851851851849,0.3426121060427611,-0.389103333333324,-0.5769918518518438,0.0,0.341121457021759,0.38574931663343226
2024-05-01,53.7108,-0.38284795279655,0.5828117992544568,8.322324966974893,0.7372189051078083,0.8414147066995358,23.387490310277983,-0.3799999999999999,-1.8632559080425937,0.7405059129276004,26.261355126883167,38.08897078178468,-15.6,104.72727272727276,5.926367368560448,3.056768558951961,1.371016849697626,-0.5242033333333325,-0.6376918518518409,0.0,0.46401829768612507,0.4526381160280789
2024-06-01,52.9209,7.879079351309026,2.278381545725084,10.241687808786226,0.7011300108246448,0.8569657292187082,14.906770900325371,-0.4300000000000006,-3.698838779549196,0.7894206509213119,22.696938238981826,27.20826076138343,-15.6,47.533834586466185,5.457474438636267,5.200000000000005,0.3414422845064102,-0.6020033333333288,-0.7020918518518471,0.0,0.3329132766567611,0.3620769597512579
2024-07-01,52.5413,1.6206500131388468,1.963538380745744,6.4918851435705305,0.6567819666060308,0.491887253011616,10.719173072476472,-0.25,-4.517777333518569,0.5762025622307753,20.33881315156376,30.08932769158441,-7.9,6.009090909090958,4.929049094764326,-1.716738197424883,4.166113144878114,-0.6229033333333263,-0.7671918518518481,0.0,0.1815758949065554,0.27135976200298645
2024-08-01,52.8543,8.713955483034397,1.8558630623916272,-6.151346332404827,0.66575930349239,0.6337133458053602,7.45981916678744,-0.1,-2.300502935179094,-0.0433841190229016,25.306700150410634,30.75455954225772,-7.9,-7.156126482213438,4.31140435991979,4.56431535269709,2.400236146692114,-0.5913033333333289,-0.8077918518518459,0.0,0.19522797634954042,0.2866403186912873
2024-09-01,51.904,3.163946998066458,-0.0757026115038028,-20.96808510638297,0.7424257605018966,0.8978164224507835,11.608114818569229,0.1,-0.1968013613327324,0.1635628494120307,34.38462704492717,39.9177979823141,-7.9,14.75,3.925473819466752,-4.147465437788012,5.563907610394581,-0.5246033333333315,-0.8378918518518503,0.0,0.31200287745476585,0.400682219693907
2024-10-01,52.3233,6.453679289652903,2.081809002920876,-16.911926202503846,0.7832726433348305,0.9744156899443512,20.118102399088844,0.1299999999999994,-0.0795160372186742,-0.1249086823457541,36.04487576899231,58.474237784582606,0.0,63.87662337662334,3.601187625706337,-10.426540284360186,2.734885063047421,-0.456403333333327,-0.8325918518518449,0.0,0.5081517993654343,0.5155035233548595
2024-11-01,52.4124,-0.7121744626087612,0.1005656740192151,-10.55542197643664,0.8302241152504884,0.3970752563975569,10.820321896456342,0.1000000000000005,-4.198244379531468,0.3692555937958426,32.0631376154823,64.95164889660305,0.0,56.60401002506268,3.7699802585493103,-0.4587155963302836,3.0753848839011777,-0.4464033333333361,-0.785991851851847,0.0,0.38329454700502247,0.46469426762101435
2024-12-01,52.5619,3.2553483019400757,2.497172309376827,-5.175956845620345,0.8582334063359287,0.0026982346156918,6.147424862558526,0.1599999999999992,-6.461236503103063,0.3880689545626548,23.309006819949563,41.87784275503572,0.0,31.173809523809496,4.043452021726024,-7.281553398058249,2.3737839585253884,-0.5117033333333296,-0.7557918518518392,0.0,0.18927054850677494,0.31639198672620933
2025-01-01,51.7397,4.706662171978349,0.678410835661003,-1.2713448834600682,0.891988193028639,-0.0448972243919644,7.825151579108946,0.3600000000000003,-7.161013213294143,0.2764430140129029,24.65881770247542,39.96017606371831,-6.2,42.14285714285717,4.176694110196322,-2.358490566037741,0.3365583900890145,-0.6739033333333282,-0.6690918518518458,0.0,0.1362612170881481,0.23238567720215392
2025-02-01,51.4765,4.79003935165303,5.695651068853636,-10.267430754536775,0.8857040572081877,-0.5491057975782482,12.349863635542649,0.2400000000000002,-5.624953021453605,0.2501043089393664,16.84035578962653,44.43388255175327,-6.2,28.871052631578948,3.96517460017034,-7.619047619047614,1.0096680612452724,-0.933003333333332,-0.6205918518518416,0.0,0.058789323662112744,0.10460639098754355
2025-03-01,52.0486,14.172407428266908,7.530322259147093,-15.02341920374709,0.7779760145718786,-0.9141428823324932,12.090393399569365,0.31,-4.628091776148935,-0.3607028039564651,6.803886303729301,22.90083966413434,-6.2,-2.8999999999999773,3.4267031343330645,-3.240740740740744,1.6813419058053336,-1.2187033333333233,-0.6409918518518367,0.0,-0.15903812007069693,-0.11357689378967475
2025-04-01,50.8089,3.999509873407936,5.827835162451756,-24.819544697390327,0.69251176741374,-0.8280832302187072,-3.03906310258516,0.5000000000000004,-1.6352990106662135,-1.631231767741839,10.59179576185192,11.418685121107265,-18.5,-51.39393939393944,2.8204324663114955,-6.60377358490567,5.133757216499935,-1.3925033333333232,-0.6928918518518401,0.0,-0.5118089966138633,-0.29982064740144937
2025-05-01,51.2671,4.8875560971302745,1.4199634649221915,-21.69512195121952,0.7806692156377864,-0.7672504890708266,-5.980178177453544,0.5,-0.3971005668058858,-0.1876198849017943,12.016651792227773,20.23446435379337,-18.5,-8.385281385281417,2.3348127773957783,-4.504504504504503,0.3348678527911541,-1.313603333333333,-0.7423918518518491,0.0,-0.3048993167759879,-0.19555168780220877
2025-06-01,51.6709,-7.033023176682162,1.4367763983785586,-13.456879844961245,0.8677493834354695,-0.5344451788591851,1.9371549216068875,0.4899999999999997,2.518480795735168,0.0707502696290915,13.633783110642296,28.73349633251834,-18.5,32.99473684210528,1.935966580415882,-0.421940928270037,0.333194213781196,-1.119903333333326,-0.7684918518518487,0.0,-0.15111372737537104,-0.04884849037159693
2025-07-01,52.4922,4.149567505697482,2.9176054259618445,-16.822977725674082,0.9120974276540832,-0.3652261420901643,4.105032225893446,0.5099999999999998,2.650053816427622,0.3241035279554938,14.7961899932999,29.942175641488955,-9.5,65.63636363636363,1.6477025430578829,6.329113924050633,0.9987438160173888,-1.0035033333333274,-0.7724918518518393,0.0,0.0725297303120975,0.1034544110458889
2025-08-01,52.9309,2.411653693460236,0.8670559023905566,-15.656690576304722,0.9361566905095255,-0.283615080223236,7.775335601139566,0.5599999999999996,1.662049183737213,0.4031196431761043,14.373273847461231,31.72577263196281,-9.5,86.11471861471858,1.491426622430314,0.0,4.415477682030433,-0.9995033333333369,-0.7472918518518412,0.0,0.11128059425407613,0.18027290866874862
2025-09-01,52.4838,9.8882766009438,3.4566417580957465,-8.534123031363583,0.9393885317886148,0.1214374911370175,8.079151456890866,0.5500000000000003,1.522584011637207,0.3981027469716212,16.069123016479026,35.018693252625965,-9.5,75.70714285714286,1.316765578635004,-3.539823008849563,2.6866682863992075,-1.0458033333333248,-0.7157918518518471,0.0,0.218597043656088,0.24070698647843813
2025-10-01,52.9679,0.9876016741903416,-0.4889368672629568,-14.55194290245836,0.9261020731968036,0.7840225636433529,12.648639237087522,0.5399999999999996,2.2925629049001084,0.1096312152138362,19.88887817788254,24.531630681340832,-6.5,55.409090909090935,1.331237866321522,3.0042918454935674,0.6633476441919806,-1.0794033333333315,-0.6791918518518401,0.0,0.18651135170535277,0.24659146829380066
2025-11-01,52.6825,5.787239642629283,3.216601403122299,-14.50268817204302,0.9076087592109036,0.6902438338635281,19.131243437167058,0.54,3.874237696864813,-0.1010784253744587,13.538769109373083,12.76211950394588,-6.5,56.60233918128654,1.3071494323412258,-0.9132420091324313,0.6627980641492393,-1.079203333333325,-0.6307918518518392,0.0,0.15319131048095028,0.23036509664898627
2025-12-01,51.9948,1.7816933955159708,0.7078538368696874,-15.04808343491806,0.9318475688040734,0.6803711934640108,32.17616684910367,0.6399999999999997,5.790675033979797,0.4282041241985203,16.387804061119105,24.387451339592413,-6.5,62.567099567099575,1.1661985590426085,1.3574660633484117,0.0,-1.027703333333335,-0.4966918518518497,0.0,0.2841530040190048,0.33227351757888335
2026-01-01,52.5383,16.899186943944656,4.284934410716557,-15.705087741446787,1.000793516091311,1.1009936712733055,44.7159010655726,0.6699999999999999,7.456792269916468,0.3491880089779098,14.874522599838102,25.75814301759638,-5.3,65.69999999999999,0.9483570929207596,2.304147465437789,2.6687441882750296,-0.9817033333333284,-0.310791851851846,0.0,0.533675682936911,0.45345326690026977
2026-02-01,53.3404,19.39958718570065,3.893517514177147,-5.388504523682802,0.9502511094211096,1.3046828828581298,38.805114354918224,0.6599999999999997,7.796471263522886,-0.0308418785116938,15.52405743555294,23.42230347349177,-5.3,66.94736842105263,0.7919169852539598,4.424778761061942,1.9949510501117595,-1.0852033333333253,-0.2229918518518445,0.0,0.5493688184827266,0.479328450518518
2026-03-01,50.9572,7.08545449840241,1.909020379719517,42.8827339120849,0.836687797808667,1.431829575268287,28.63574573291934,0.54,5.008673748247428,-0.8322910471778875,16.334542085052163,23.879625864172425,-5.3,58.5,0.7568619106963714,6.278026905829592,6.425052523662189,-1.400903333333332,-0.2183918518518481,0.0,0.359476383421025,0.44346059566288554
2026-04-01,51.7766,-3.2120333682924,2.6713398002432776,77.87296898079762,0.8519492705154774,1.9258248587245437,41.12719030598902,0.5200000000000005,4.111399852747133,-0.1060953215789418,29.447518970885557,47.37355811889974,-8.1,102.8939393939394,0.93569033831149,9.292035398230093,2.986107747108924,-1.7247033333333237,-0.2314918518518425,0.0,0.7044570799271629,0.6325321530396291
2026-05-01,51.8955,-4.873406426101001,1.2161611610423062,67.48170066967765,0.8934245669304564,1.961140493356889,42.066698975556434,0.4800000000000004,2.912322976045878,0.2162402595591047,28.221540710016946,31.977804201347592,-8.1,89.12619047619049,1.102593079014058,7.758620689655171,6.043665183077618,-1.8522033333333356,-0.2320918518518482,0.0,0.6269045869723032,0.6206495144675376
2026-06-01,52.0397,-4.873406426101001,1.2161611610423062,19.524142757172847,0.8977336886359087,1.9427250552190405,37.792613575704095,0.3599999999999994,0.4232386546914934,0.1322072481340107,20.860925551374308,35.30350224113044,-8.1,88.13809523809522,1.102593079014058,6.72268907563025,6.664427392247885,-1.810703333333336,-0.2494918518518432,0.0,0.45198578292443414,0.5315487814598232
