,pmi,trade,ip,oil,fin,ai,copper,yield_curve,usd,vix,equity,bank_equity,lending_standards,em_spread,housing,jobless_claims,covid_stringency
2005-01-01,50.883,7.266921140554317,3.7603128120223372,42.28786725529001,1.2541939854511313,-1.1116984984494578,30.8334152720694,0.999,,0.6932120103202886,4.432736682078575,1.8243406198232837,23.6,21.044952980223375,13.80547954941187,4.664075513603549,0.0
2005-02-01,50.66299999999998,-1.3384323417086397,4.750479914857375,47.366203801221715,1.2771201120669045,-0.9152483083917167,18.00266560793393,0.7805263157894737,,0.9100973558497331,5.123415828051159,-0.5702272720760959,23.6,27.714040559219356,14.009209451657444,13.58281358281358,0.0
2005-03-01,50.405000000000015,-2.8915316033454763,3.599271975232199,57.88784051688172,1.2308183269409307,-0.9504980736995036,12.619549642148975,0.770909090909091,,0.7323024011826196,4.828584968076877,-4.10210294090122,23.6,16.96820554637388,14.226917177381848,2.92397660818714,0.0
2005-04-01,50.17524999999999,9.453252041729442,4.655709303520861,54.45789032798503,1.1288644932849035,-0.9175219666679085,15.81272555486548,0.6871428571428572,,0.5651359188708559,4.474841919338135,2.107362333938889,24.1,28.059570427945935,14.2433985497332,7.1931083991385485,0.0
2005-05-01,50.02575,13.504267045325946,3.3598795299938145,29.487723147409817,1.0797756104134828,-0.898147945527641,18.81791833644384,0.5004761904761905,,0.6267787355764056,6.319372425212211,1.5884486477596216,24.1,30.581084512128285,14.299389894495551,2.7364663890541374,0.0
2005-06-01,49.9934,12.830157581126667,3.5490558471947153,54.488140147795995,1.0802251423079097,-0.9314492265929639,31.26320593654388,0.3577272727272727,,0.8900666303297728,4.425685612974695,2.4723279558478417,24.1,34.52074794892128,14.282582265361832,6.661891117478513,0.0
2005-07-01,50.05925000000001,0.5267490505618255,1.034320665682209,50.49175258957985,1.0957789458550813,-0.15280526051518697,28.105723283996433,0.3065,,0.9928784963891802,12.02302640690771,5.292005703949565,16.7,50.322688761666655,14.28468274494874,5.422740524781345,0.0
2005-08-01,50.19874999999999,4.901448822560739,3.8612684696974764,49.68964574998462,1.0901148439853021,0.27286103493013253,33.32064962407388,0.21826086956521742,,0.7542611285470334,10.513110089019007,-0.9983919489732318,16.7,47.116209557986586,14.37450427139273,7.336757153338224,0.0
2005-09-01,50.405750000000005,6.754451440876785,3.1466561645052904,45.63151747287784,1.03715998682181,0.1508245147470053,32.636341930256485,0.2528571428571429,,0.7948031749604785,10.248713151401567,-1.4654645197195393,16.7,49.42193849077092,14.508600459034993,-13.491475166790213,0.0
2005-10-01,50.679750000000006,13.168610992610684,4.274080123777879,17.602433727793667,1.0330242933930822,-0.4257686682315597,34.78302148028008,0.1925,,0.5051058586061629,6.7961477536879755,0.08046855011880627,8.8,36.0778105621248,14.36742632663246,-5.449101796407185,0.0
2005-11-01,51.008749999999985,11.301029074460956,7.206020445978112,28.140189576457942,1.0519046329590132,-0.16210789512491403,36.66890286756463,0.11850000000000001,,0.8550721606284462,6.445625193103988,2.421671070454523,8.8,30.92599081218197,14.082897343424584,3.4980988593155904,0.0
2005-12-01,51.35175,18.443820916931088,7.727711831062489,43.56715469851551,1.016661332435942,-0.2534693484850166,45.77507564210477,0.06285714285714286,,0.9664115124829611,3.0010226581274946,-0.25934518382290106,8.8,32.62583154347249,13.51169093086282,2.720983858570325,0.0
2006-01-01,51.66525,11.632588824464495,5.639652227798053,41.51124063726008,1.0519046329590132,0.44623048827274603,49.73823878214523,0.020499999999999997,,0.8690732089130159,8.364720587986074,2.255637849223291,10.7,52.263552683764345,12.925747829888223,13.875946418171225,0.0
2006-02-01,51.92350000000001,11.482396765543545,3.077322603541943,32.402418911489825,1.122481140384041,0.025007314290276268,53.21286686581874,-0.09947368421052633,,0.8145019689448381,6.402464286877008,5.645562340441312,10.7,33.47783732433955,12.08831249035045,6.736166800320776,0.0
2006-03-01,52.11500000000001,5.996038704313689,4.16971153935044,16.87282524961948,1.135337752564651,0.030069893028495,51.63712131842249,-0.009999999999999998,,0.9119832201249722,9.679908571598727,10.025893318705116,10.7,48.08436347830056,11.041640083365234,9.111445783132533,0.0
2006-04-01,52.2345,9.89395580153083,3.035358723824788,35.417966885715366,1.1193344171230526,0.46332044338270223,88.93228069189634,0.10157894736842105,,0.8927343905713125,13.291266197913565,15.822983631466482,12.3,59.72492327975281,9.968203783210882,6.064356435643569,0.0
2006-05-01,52.295750000000005,7.374779361890971,4.160729793677098,43.439828394530046,1.077527950941348,-0.32388973271991245,148.59466597336365,0.14181818181818182,,0.5657006539725901,6.595884668091689,10.28531333387197,12.3,37.57874366298801,8.749247991695475,-1.758409785932713,0.0
2006-06-01,52.34275,7.0437950284290896,3.459344119865926,26.127278809165432,0.9789006533040799,-0.4121329519419638,104.6269348649136,-0.015454545454545453,,0.2566150594918759,6.620331732308671,8.36866658574651,12.3,32.609090227370466,7.284163774510666,6.216423637759016,0.0
2006-07-01,52.421250000000015,-0.46070922402262626,4.0466610730158115,28.084641366977948,0.9741356152231546,-0.9165530306539774,114.12745123914596,-0.031,,0.4563889292883063,3.4419597319711226,11.03324446886067,8.9,26.034651638866645,6.035646385102744,1.7262638717632561,0.0
2006-08-01,52.58424999999999,4.771394807739782,2.438113994722846,14.452100406354917,1.059097143269844,-0.7141714008178033,102.80681355038239,-0.026956521739130435,,0.7040322136300998,6.841591474513753,12.325556381591895,8.9,26.356494505482164,4.820263295513971,0.47505938242280443,0.0
2006-09-01,52.85599999999999,6.76496408956484,1.40879874572577,-1.5095180979080913,1.088946061059792,-0.6912919735969428,97.9568348478039,-0.05,,0.850445973702413,8.71085944028518,17.78470951923865,8.9,15.280645559403737,3.7075197621782463,17.387328543435665,0.0
2006-10-01,53.22025,13.084709948595009,2.5805916061060863,-1.2477065848469304,1.1121419068122218,-0.3975485585097058,84.83976885176703,-0.06666666666666668,,0.9605958469489542,14.161434475080782,14.381907094064061,0.0,31.76908419273181,2.9644091880461465,10.420215786484954,0.0
2006-11-01,53.649249999999995,10.66729933633146,4.882644714357598,6.371161504788847,1.1332699058502873,-0.5854052484674851,64.30654646486649,-0.14523809523809525,,1.0219019900854394,12.097034508496707,8.704879756784155,0.0,32.016237183625805,2.200627796700738,-2.8368794326241176,0.0
2006-12-01,54.106999999999985,8.251379788764112,6.745787780860968,9.87832278250842,1.122031608489614,-0.6431828561168561,45.96760306553986,-0.10900000000000001,,1.003477832068509,13.619431738260701,13.174114780071534,0.0,31.212200664133682,1.7317291195886986,-2.402022756005051,0.0
2007-01-01,54.56125,4.331492279678484,5.9349197846686685,-14.771412802697537,1.1921585840202151,-0.9619074521287337,19.930696430380234,-0.11666666666666667,2.166227174262414,0.9936938248419148,12.35548087692504,14.06733826399682,0.0,15.029425624405256,1.044086092861729,-7.269653423499567,0.0
2007-02-01,55.03,3.900796618597324,3.4250204210201085,-4.408255316917109,1.2141856468471346,-0.8281706536218396,14.938266021437286,-0.12631578947368421,2.7289822082708137,0.9795492862200234,9.85116336438072,8.664972250580917,0.0,15.76272502662528,0.5338872390481475,-11.006018916595007,0.0
2007-03-01,55.49524999999999,-3.5462014535001973,3.2458196972514397,-0.023085657661026104,1.120593106427448,-0.7583181748643545,26.18475656865231,-0.009090909090909092,3.401769877928884,0.47686918534092065,9.7299335616293,7.1825256634711065,0.0,19.351527757722064,-0.30588402672517834,-2.5352112676056304,0.0
2007-04-01,55.939750000000004,1.8510418086449043,2.3461166236771858,-3.948492067059206,1.0703354406305172,-0.6994638440906219,21.06189963110414,0.027619047619047623,4.121853378285989,0.7565571646853271,13.10534878303644,2.8900659739699686,3.8,16.225502689175396,-0.8276703258407458,-5.484189723320165,0.0
2007-05-01,56.32525000000001,1.3716732435021584,5.172487242889057,-3.6755455128905767,1.0163916132992858,-0.4223586132068814,-4.73047629739487,-0.02,2.8603992882375584,0.7108072369627365,20.51272242975375,7.751793367737014,3.8,37.424670801665314,-1.354810716997501,8.564988730277989,0.0
2007-06-01,56.6225,6.758890630913172,2.8769236006731536,3.6317878762333278,0.9648752581979599,-0.16743959047643867,4.035366734783352,0.12238095238095237,4.304079455991494,0.5038515045112952,18.355379733636457,5.1606902601520455,3.8,42.17614791213793,-1.6304789565801614,-3.175122749590842,0.0
2007-07-01,56.81799999999999,3.57990883934165,5.835624709798637,4.419064608702383,0.7277921370771976,0.06392867326962594,3.289793439490074,0.18523809523809526,5.315795403587531,0.21212330229163848,13.99041096060687,-5.211901442533429,-7.5,39.913301396680524,-1.9582139355495798,1.7409033877038849,0.0
2007-08-01,56.90200000000001,6.5101435447082245,3.815349734192841,-3.37232084545509,-0.06653072037518545,-0.2511240204275894,-2.471251968992616,0.3617391304347826,4.045969937215899,-0.7603507406709611,13.05165214181998,-3.8360350560553313,-7.5,39.16856224797738,-2.261339233422266,-1.829753381066035,0.0
2007-09-01,56.870249999999984,4.704197893183526,2.8997527348090024,24.556064020464795,-0.2872508805388075,-0.2740893884505205,0.6389797314392265,0.51,5.65900166824731,-0.40572581637843613,14.290528719763529,-6.401766004415011,-7.5,56.63622565634454,-2.7557452075766653,0.8855154965211942,0.0
2007-10-01,56.692,7.287504119730093,5.20870908963611,42.43658494393685,0.015733616304942504,-0.5370138255042517,6.978115496552295,0.56,8.05108435801074,-0.018969719196524414,12.441766025128809,-9.1995443680708,-19.2,63.6770202842851,-3.544631166022827,-4.041204437400947,0.0
2007-11-01,56.33324999999999,4.433956545649198,3.0645919527538146,57.27049202972623,-0.4948447093851631,-0.927613994098368,-1.0223447972608213,0.8119999999999999,8.676034900979912,-0.8301300364418766,5.748128305473577,-13.734021044503674,-19.2,42.62061451124526,-4.611991504656099,-2.9885057471264354,0.0
2007-12-01,55.81199999999999,5.0597795897112885,5.2970857633303225,45.54790769775141,-0.9889701677392433,-0.9074965724082924,-0.7519498724885443,0.9804999999999999,7.014938039200647,-0.33699351253212867,3.5295730663479574,-24.608576408304017,-19.2,33.334641027182535,-5.398738184120333,-7.469135802469129,0.0
2008-01-01,55.12924999999999,14.955241056417545,3.393612546597402,71.71319335409072,-0.7794883049362944,-1.1181651633712513,24.424062541195468,1.2685714285714287,8.623463303378742,-0.8594581909304484,-4.150207323641652,-19.940629204377114,-32.1,21.300229179382857,-6.3705422623087316,-6.77698975571317,0.0
2008-02-01,54.270749999999985,11.670814457113575,4.061077035217608,65.03378872672741,-1.0932615672462906,-1.2150303800456608,38.87608504748663,1.7645,9.061664812555337,-0.8142773407765826,-5.415756409142858,-28.943723207944394,-32.1,27.85814082140177,-7.277440427910642,-7.436096049573981,0.0
2008-03-01,53.279749999999986,6.506009081493036,-0.19500249217223597,67.01811575623941,-1.6852950722065556,-1.2076104702995327,30.455225886759752,1.893,10.485211742069755,-1.020933071676048,-6.908494516818964,-30.66924115734685,-32.1,16.82734333511233,-7.84346012404632,-17.45313510019393,0.0
2008-04-01,52.1555,1.7134536582381177,0.047734732995530216,61.62123090950213,-1.3962460640900405,-1.1200904967190441,12.392587607690086,1.627727272727273,9.499586578959429,-0.3259209417865701,-6.528736389407563,-28.640357197136822,-55.4,22.924059405898568,-8.132741807959231,-12.256049960967985,0.0
2008-05-01,50.867749999999994,1.137212335148563,-5.7786155290679435,82.70047697303269,-0.9271145790660977,-0.9640727401944096,8.832727599744473,1.4342857142857142,8.33812473480382,0.08292430075218954,-8.508969610344309,-35.176006362695965,-55.4,20.70011456814367,-8.175080546728097,-20.55875102711586,0.0
2008-06-01,49.38792500000002,2.5538319092972106,-3.4854064956096997,86.24963135740904,-1.1400128842666912,-1.215667401557759,10.350509192073453,1.3257142857142856,7.80571954494409,-0.3946283432080123,-14.856818386476235,-48.50739535618642,-55.4,5.626507271201597,-8.266588813361398,-21.589467005076134,0.0
2008-07-01,47.68014999999998,0.1705155440063999,-7.10967679435287,72.51810973376034,-1.3337611307646975,-1.3120473347142594,5.338849280455182,1.4345454545454546,7.2443441099323,-0.6719531244350117,-12.911007038333533,-37.07191800084901,-57.7,-0.8948265596938509,-8.443467114568593,-27.055067837190737,0.0
2008-08-01,45.78402499999999,-0.6349864525108551,-4.973741853641844,60.036661546338976,-1.3004058641982195,-1.2642313243752576,1.7812241484323144,1.4652380952380952,5.135756431423999,-0.2171663133677971,-12.968882790668868,-37.731046577510774,-57.7,-8.11064611720016,-8.854600130940893,-35.31249999999999,0.0
2008-09-01,43.76617499999998,-2.868457885257225,-8.592330363536771,25.99557223949398,-2.492204822702893,-1.4262578514170625,-9.075799743674374,1.61,1.2673399632374016,-1.414183734451868,-23.605044352280167,-36.122642373139,-57.7,-29.73247984333365,-9.608588607700941,-48.05360561582641,0.0
2008-10-01,41.78797500000002,-10.158672570849859,-12.1814027215286,-13.065127625645523,-4.44928687827997,-1.5590162070013132,-38.97090910076515,2.2018181818181817,-8.451113577546332,-5.295024192936381,-37.4749901930436,-43.36171777293137,-83.6,-53.254306940133574,-10.346478603495768,-44.78293983244479,0.0
2008-11-01,40.11077499999999,-30.559108811362655,-20.303420976038346,-43.241857929721505,-5.377750053029349,-1.6039496572012688,-46.39994185419777,2.3138888888888887,-13.153588473543776,-5.478421865031885,-39.489853668756226,-50.735823984831974,-83.6,-54.31846440869382,-10.898544767385431,-54.702380952380956,0.0
2008-12-01,38.94349999999999,-41.93872790441737,-27.51314007378983,-56.06707848099134,-5.238395165757001,-1.5551042619196913,-53.17118362029163,1.5954545454545455,-10.729731994540725,-4.194650931948779,-38.485793060906715,-49.977426119516785,-83.6,-48.87881637597966,-11.995776988046336,-61.97587593337162,0.0
2009-01-01,38.38965000000002,-52.04863342374557,-32.326549844138995,-52.87437879054006,-4.172734856828523,-1.4756421208336856,-53.94266120687756,1.7105000000000001,-12.254272999956427,-3.2260344791473408,-40.09067675236928,-69.57304852307887,-64.2,-49.08597151834761,-12.693773527554997,-68.85608856088561,0.0
2009-02-01,38.5117,-39.001422323016676,-23.542488976823172,-54.38853222078374,-3.8183239112623326,-1.4873615482729685,-58.086479995682524,1.894736842105263,-16.16621436225769,-3.3373621190199003,-44.756241467724344,-70.56171568508513,-64.2,-53.21101211340695,-12.750828954601056,-85.72458543619321,0.0
2009-03-01,39.23279999999998,-25.286465879089228,-15.010472703596566,-55.09216962772936,-3.700546554922478,-1.3323618068505705,-55.291275615904944,1.8881818181818182,-19.115504692789465,-3.2401403431336853,-39.678685675440065,-64.35267479180085,-64.2,-43.18887590620185,-12.738534842167958,-81.41166758392954,0.0
2009-04-01,40.454775000000005,-3.786330477721689,-1.8636699656087052,-53.99167747713529,-2.8720592734936474,-1.3326030832140023,-49.08386016524787,2.0,-16.370945488811262,-2.395749946700069,-37.00806017010502,-60.40811273079909,-39.6,-39.847012296813475,-12.178751583829406,-74.61752433936022,0.0
2009-05-01,42.00402499999999,-2.053043932387655,2.2229195533217228,-53.33564066171852,-1.877604816642396,-1.3627778155865817,-45.052754400924,2.3635,-12.355292407638373,-1.632370627477547,-34.364957265627794,-50.67879687057071,-39.6,-32.39740287035905,-11.28475028889967,-66.8484187568157,0.0
2009-06-01,43.71504999999999,7.807411562321853,7.723192304344972,-48.149704561894126,-1.405686233873006,-1.2539849344343377,-39.51481164759023,2.5377272727272726,-10.301509690012667,-1.2764404256861845,-28.178124427795414,-37.29571633720033,-39.6,-27.166816273456252,-10.050981498940137,-56.09915198956295,0.0
2009-07-01,45.437949999999994,15.79396787284919,9.904386782898712,-51.44941434344818,-1.0019166862987388,-0.8787316832404878,-37.80897438218054,2.5431818181818184,-10.649395630200132,-0.9029263453196101,-22.084932958993875,-38.86621663812324,-31.5,-14.435110742820289,-9.030233540522604,-42.33668341708543,0.0
2009-08-01,47.05165000000001,18.9999581002851,8.755723635907087,-35.97100218240536,-0.5304476354237758,-0.9219133660813911,-19.0851869318033,2.4719047619047623,-6.102701567994218,-0.7993683637122431,-20.43996242057836,-28.426474034176174,-31.5,-9.866374257634769,-8.283670674174404,-29.145496535796767,0.0
2009-09-01,48.48187500000002,23.81943369046555,11.266566424420299,-30.430034330265986,-0.2760125831781342,-0.39003458350929837,-11.173490167967282,2.4457142857142857,-2.62826718006941,-0.7478798965833663,-9.36932256501718,-30.29094461505698,-31.5,16.414655743792196,-7.586313383978749,-17.99568965517242,0.0
2009-10-01,49.6885,21.041515401958712,8.987667543907119,1.6587531177026937,-0.09026600440092729,0.15528076026668966,28.827960505730132,2.4385714285714286,5.895795690777339,-0.6632866593185154,6.96154233870967,-27.848965619363987,-14.0,51.037992537066934,-6.6454721948216005,-10.552340873224608,0.0
2009-11-01,50.661999999999985,19.143754171067663,9.689522554575225,46.15472606863336,0.006742978416403931,1.0504920700678348,79.19293347922238,2.599473684210526,8.898825736294336,-0.6044856750809985,22.247390969052283,-7.08167843177131,-14.0,80.50043030847753,-5.209808356453149,4.963447479799921,0.0
2009-12-01,51.40650000000001,15.94124992620598,7.180730998559093,86.3887213681827,0.18071182155962537,1.3159217603186766,124.69443464658703,2.7154545454545453,7.428719439869969,-0.28538231786989476,23.45419048834072,-3.6326728823050547,-14.0,68.95434445621295,-3.8526841611873475,13.918439716312058,0.0
2010-01-01,51.92499999999999,7.512311031265062,9.770753878669147,75.34126410537101,0.3477578735286721,0.9422705116537895,125.96834264432029,2.8042105263157895,7.884025800528827,-0.21057385421828262,30.027363390346686,62.04736082248701,5.5,71.80813004704166,-2.917113015532957,16.118881118881124,0.0
2010-02-01,52.22100000000001,12.94918313601412,7.997041187151033,70.23093650157317,0.3794049188963278,1.3272787579304965,106.33485182500668,2.8342105263157897,8.824626087553856,-0.44850607636212014,50.25234323462486,96.39901102078048,5.5,86.5557893132197,-3.0897734662909238,24.572981366459622,0.0
2010-03-01,52.33975000000001,9.997851272140966,11.011974113405088,69.37391796927915,0.6279960565144195,1.1023458286614871,98.0159719589935,2.7686956521739132,9.947691913257417,0.15015066322485168,46.56899756446875,84.79033805213474,5.5,72.58441781974703,-1.9909631975537856,28.668941979522188,0.0
2010-04-01,52.289749999999984,13.102765662762895,9.65452703034022,69.02032605188741,0.7530558295439909,0.7830073223246066,74.21609560675466,2.786363636363636,8.019664258173542,0.19318844556873724,35.96200143509296,69.92985564180796,7.1,49.10018142448593,-1.0487345088778355,25.28872958980486,0.0
2010-05-01,52.117000000000004,20.250213720104714,12.52438006435308,32.53435713974089,0.29444339084963833,0.3757869409961224,49.04098283140039,2.5895,2.07196416921952,-1.6262869879013577,18.52492730352695,33.45804668732979,7.1,16.520852535959563,-0.766032693060481,24.934640522875817,0.0
2010-06-01,51.914750000000005,17.494903940482143,5.100073807367167,8.965754831357952,0.07776901773585866,0.22970156201290448,29.629914944330913,2.4795454545454545,-0.018751145324880092,-1.3737673119254725,12.116559274881201,26.529486876656772,7.1,17.535084332557393,-1.3985967301542779,23.025491015461764,0.0
2010-07-01,51.78425000000001,12.861817766155092,2.656840570818053,17.295672907349147,0.32186483640968094,-0.10112946872702512,29.113138646125215,2.394761904761905,1.260570318821408,-0.8279796793302516,11.55668948984825,20.276956086550623,8.8,17.448175837377413,-2.114152282647641,18.940864960282433,0.0
2010-08-01,51.789999999999985,2.9293853307290174,0.28870501893965006,6.248880562262227,0.4720084891482752,-0.5576635000709276,18.225909811460774,2.178181818181818,0.7320003870244451,-0.7252063795324735,2.8129922081531866,-8.061780985840173,8.8,15.15938230256635,-2.814816781378815,15.057224606580832,0.0
2010-09-01,51.933250000000015,-1.2712043124584849,3.546939155321871,15.070007109822136,0.5385392095234606,-0.3580719994159134,24.756339572947738,2.1676190476190476,0.9621697623892755,-0.4456986923052669,7.957770330935654,-2.1186440335509094,8.8,16.79175833222921,-3.355009456849367,17.1689497716895,0.0
2010-10-01,52.178749999999994,8.32464637235628,6.008611712166578,13.5980187706372,0.7109796442256304,0.2099008332600513,31.458560787103096,2.164,2.2010049265660414,-0.17672815895733346,14.19335031951585,7.71963573660468,10.5,24.604699965025056,-3.6740160447962134,14.960030452988205,0.0
2010-11-01,52.475500000000004,10.50159899037084,7.01005243539512,11.234721119670631,0.7992677082910793,0.21579767582419834,26.57681702789263,2.309,1.4053169930889453,-0.14190477146132732,7.750795758317652,0.6294936649695826,10.5,12.176261660293841,-4.141543869136144,13.714574898785425,0.0
2010-12-01,52.75475,8.784078361655023,7.270250371624298,22.819345070938436,0.8717322496727002,-0.13756892393531467,31.186589906256312,2.6727272727272724,1.1653627922749155,0.17496763517059155,12.782713853760175,22.24303489496855,10.5,16.523119385865016,-4.120927822399178,13.439752832131823,0.0
2011-01-01,52.95825000000001,8.12722813865685,7.224780464861347,26.725528268770994,1.0253822511878243,0.6169561872714716,29.397512682604066,2.7794999999999996,2.5195504558076953,0.20683409438089226,19.764962329247115,13.880530634706933,10.5,21.472157074292262,-4.119225119480275,11.046269278866195,0.0
2011-02-01,53.02900000000001,2.0880664141758265,4.018749717231085,40.628278229345824,1.059097143269844,0.5015536807634765,43.87602063289249,2.803684210526316,4.782350942983404,0.19247167415590818,20.16586681980579,12.560587963420389,10.5,19.2999007804056,-3.7258397119988906,17.34431291816778,0.0
2011-03-01,52.93949999999999,6.761389855394095,2.148433943313366,45.43609316999719,0.9885206358448164,0.014169649382241103,27.272555236273543,2.7169565217391307,5.00553759271174,-0.22064891955244736,13.37402795895728,-0.15384967510516656,10.5,17.29008598790005,-4.05028030223894,13.66294524189261,0.0
2011-04-01,52.6905,-1.2491360867409873,-2.511636088616853,45.32226944461597,1.0472295012569732,0.021322719865233847,22.677223162841397,2.7205000000000004,6.172038090408105,0.3412387055738803,14.908700054848278,-7.519745781788368,16.4,20.69587250519953,-4.295107222932915,10.319829424307036,0.0
2011-05-01,52.29949999999999,3.839692204134093,-0.02771003603355693,51.40995532197117,1.0415653993871938,0.14725017076502503,30.519785417628054,2.6133333333333333,8.98584500019599,0.25751916309237055,23.479673306368444,0.3203841646213679,16.4,29.29271742948889,-4.314056219436724,8.032215933826725,0.0
2011-06-01,51.79600000000001,-0.9935533158238918,0.8811492913114449,52.26297165509442,0.9557048075516507,0.14374475894609964,39.45785238371564,2.591818181818182,9.493351215979228,-0.02367732378599708,28.129159967293482,4.770166552234012,16.4,29.90002019474862,-3.8978185215778227,9.17480998914224,0.0
2011-07-01,51.22975,5.943634061839798,4.690047292797028,54.76779571315162,0.8346908215719213,-0.24508549272977873,42.95780778433753,2.5965,8.61459122375885,-0.03299945869485264,17.30937345105834,-5.40707463223149,21.8,15.892822646344573,-3.536890328614317,10.148083623693383,0.0
2011-08-01,50.665249999999986,4.536631200307384,4.241474580844096,43.06878993669132,0.4113216834006398,-0.09777085636062716,23.21510822115622,2.072608695652174,7.241488816243525,-2.015092084858622,16.158888595086786,-8.05523576189512,21.8,8.684828228672338,-3.170884952125985,13.78947368421053,0.0
2011-09-01,50.192499999999995,4.756348780387443,2.3161108685814336,44.95518918422905,0.09637963816513352,-0.6539509690323454,7.381315017259538,1.7638095238095237,3.2743031430207514,-2.2033550763069845,-0.8569845465310144,-23.50649443941827,21.8,-20.15207425109451,-3.0738484305739,7.88313120176406,0.0
2011-10-01,49.865700000000004,-0.06448506306336865,-1.5536788086426667,32.523214820617994,0.13890535537792098,-0.46209823974311204,-10.803343194416515,1.8715,-0.4219535777363115,-1.7391226132981215,5.919243317990031,-11.870743738475298,5.9,-9.880041413844864,-3.3027074235807863,9.937332139659805,0.0
2011-11-01,49.689799999999984,-2.4974646424364644,-2.8595491547574015,29.895519804329986,0.16003335441598662,-0.6904224622418822,-10.37306825769374,1.7600000000000002,-0.8345474319363166,-1.6278429828256713,5.625336441711792,-14.655937901226102,5.9,-9.002780437047232,-3.639299641076632,8.680351906158357,0.0
2011-12-01,49.63265,-0.5999536959384932,0.10223430538200962,17.959817678432067,0.17909350673968838,-0.8794384752388751,-17.4151318869986,1.720952380952381,-1.1209477239739751,-0.7630516682359404,-0.0031836663936912757,-24.573833061362926,5.9,-18.79368780046695,-3.88843850891043,10.291493158834031,0.0
2012-01-01,49.63450000000002,-0.5342803082860281,2.191123985029786,14.672592684682995,0.4630178512597366,-0.7675065862951829,-15.433257807801514,1.7260000000000002,-1.7035004076074056,-0.15849812847141156,2.0441357853319575,-19.679245858822224,-5.4,-6.267710062709819,-3.5057181903186296,11.492502343017808,0.0
2012-02-01,49.616425,0.17268239971310884,5.951032795237499,15.05132928382582,0.6913800536286164,-0.7766318169953993,-14.56794362642112,1.6895,-0.6306838985147944,0.06822734826561323,2.8977926686438726,-15.16569649365682,-5.4,-1.2831401642096174,-2.7141041931385,9.526774595267751,0.0
2012-03-01,49.53477500000002,4.943854900232503,2.6109175576378485,9.422233561341574,0.7731948584143173,-0.5615365002837613,-10.86536494950453,1.8281818181818181,-2.287321728695768,0.3508630470713464,6.2330779502336675,-4.198760722958628,-5.4,-10.015828489599254,-1.3964392251359148,9.704433497536947,0.0
2012-04-01,49.38300000000002,-0.23986229163367456,1.7851543774477063,-3.113140364003475,0.7264435413939169,-0.7906821615636557,-12.62527942011048,1.7609523809523808,-4.48019055208464,0.14317534294749062,2.515385571870965,-6.307005777197395,6.9,-13.898154114694073,-0.4980129785200349,9.236804564907274,0.0
2012-05-01,49.193,10.286476230835229,-0.35547855203293954,-4.04344927260154,0.5466307836231453,-0.9933866838409696,-11.585351113771026,1.518181818181818,-6.379081017691179,-0.2555627618012618,-2.592179332656863,-12.015961729372115,6.9,-20.78723044646643,0.24664505856932806,11.597633136094675,0.0
2012-06-01,49.00759999999998,2.0235517590499352,-0.12738777666821965,-16.407753200028974,0.4470145158181379,-0.7381282962487955,-18.07201385614049,1.3304761904761906,-7.981955353064252,-0.2717608278285352,3.143931659703858,-5.235924659096957,6.9,-16.01289133114704,0.8566939784840244,9.33652121936641,0.0
2012-07-01,48.87337500000001,3.634855960317096,0.8053312330540852,-12.271949263233617,0.5974278876933883,-0.5935854991899082,-21.41039913630426,1.2785714285714287,-8.211934567458812,0.1755079315478418,6.735375848804659,-1.064981268517473,9.5,-15.16098103343989,1.3566109315722885,9.718856034900625,0.0
2012-08-01,48.816500000000005,-6.1916160007837835,-0.8319943374845873,2.84572168125099,0.7638445950102373,-0.23219320544928812,-16.53210376561428,1.4095652173913045,-6.478867136755051,0.4107847757531774,15.39843128999503,18.122647623290877,9.5,-6.126022863889624,2.0538428443466428,8.852258852258855,0.0
2012-09-01,48.8532,1.322255490947466,-1.8242205205165285,0.026476715483458868,0.90895349053125,-0.18694862384733077,-2.5589201710815246,1.4678947368421054,-1.3986398480101192,0.46156479889522445,27.332908026061787,40.29428867284264,9.5,20.300679441880433,2.985830681639823,8.605625374027525,0.0
2012-10-01,48.97635000000001,-1.3153623171964224,-2.0969247303630034,1.9724961800249963,0.9822271893228393,-0.7102960829934281,9.031984429609285,1.469047619047619,-0.16199674549715048,0.337200850593357,12.675335447413527,23.721622063698877,7.6,3.018016220008235,4.01667654156852,8.42445328031809,0.0
2012-11-01,49.17210000000001,-0.6434046272884131,-2.142133392552048,-1.543335927054812,0.9864527891304525,-0.5620168677299405,1.7175063330985063,1.386,-0.23031860667541704,0.2838009745418533,13.570611573302882,27.120419904291037,7.6,6.712123769324152,5.340573134677862,-3.0828516377649384,0.0
2012-12-01,49.42640000000001,-3.8411035736283794,1.1890706757033964,1.5050454016621861,1.045611186437036,-0.4112466474695764,5.39249348752644,1.462,1.4372235667561406,0.2079003064695705,13.40569092662105,30.218378335232444,7.6,19.049611785618524,6.4400609674889475,4.774535809018565,0.0
2013-01-01,49.70727499999999,5.649181401712444,0.8179984750926517,2.0544603653578575,1.1332699058502873,-0.5419226712374231,-0.10144027333902628,1.6495238095238096,0.8955637355059776,0.6847779213686195,14.149537593862238,26.450557239725537,7.4,6.946195364135521,7.56283729389664,6.551952349437462,0.0
2013-02-01,49.979425000000006,2.621133563395195,0.6204199476330885,-2.7457940652245716,1.1660857341434532,-0.5519027298876259,-4.508246543080164,1.7168421052631577,-1.7678577644750115,0.6136063737102482,10.910315311051445,19.134844198120106,7.4,-0.7299367072232776,8.332897967713283,2.821748107364075,0.0
2013-03-01,50.199,4.421351494151482,2.451815236891708,-13.528951373287923,1.1806505675228858,-0.5814024557539211,-9.66155059703876,1.7015,-2.1013599168802077,0.7442017153294261,11.410961827101772,13.148365259628324,7.4,1.4163095937255177,8.904346545949737,4.037097654118926,0.0
2013-04-01,50.367500000000014,0.29571226940812156,3.593863709944767,-14.380543604721252,1.236662241568481,-0.34805301253651416,-12.846068800713862,1.526818181818182,-1.3568297453755873,0.6268221706034596,14.28274404128862,17.81276409747168,19.1,4.424208576271393,9.027878087534313,9.037328094302556,0.0
2013-05-01,50.503,2.6968851040859887,4.0502970405821515,-7.051768194431752,1.2766705801724776,0.26034942873982736,-8.208209031315883,1.6777272727272725,-0.03911852978411012,0.6862332067080495,24.452622234511058,39.74590724885913,19.1,11.298093493695749,9.085687949799691,6.89424364123159,0.0
2013-06-01,50.614750000000015,-2.8082659715534475,0.7007977970951984,8.159032563167145,1.1638380746713184,0.08475361617618969,-5.762456824019136,1.9665,0.6361803931649535,0.21235327119653227,17.921535575238057,34.11224856863464,19.1,0.3191535860477046,9.2618593572092,9.12447257383966,0.0
2013-07-01,50.7095,-0.4299186188501336,0.4519456050293913,5.178994713748963,1.1584436919381953,0.1772570505619941,-8.934555743786298,2.2413636363636367,-0.49913160298447057,0.6259098827852639,22.214572841062473,44.48593141841455,18.1,1.674015667567752,9.70673246875673,7.114093959731549,0.0
2013-08-01,50.8005,3.0536155640723095,1.743665084666235,-1.8310727432425455,1.203306975002003,-0.10160448519657697,-4.316420493919059,2.380909090909091,-1.282441795982181,0.5963754530231138,16.095069012887,31.828779179625855,18.1,-1.3099039270887736,10.151007291198733,10.67649028801072,0.0
2013-09-01,50.87675000000001,5.963983366327419,3.799899958764952,-1.1227563758796077,1.2020482856976076,0.29638355453153153,-11.48000758408112,2.4055,-2.737260414903453,0.5359152976182288,16.71999816301839,25.55465449984997,18.1,0.5545592590088244,10.610542650695898,17.757988475641696,0.0
2013-10-01,50.920249999999996,5.460635029593952,3.7110650596638983,-2.358183976492101,1.2703771336505005,0.5846103275972283,-10.65501606429493,2.2804545454545457,-1.9201221793032408,0.4461249853212185,24.386754797437682,29.475812895861388,8.3,5.2066080524998615,10.831012038317,2.7137042062415184,0.0
2013-11-01,50.92475,6.191905675658282,4.025882305865092,-1.1613680722023512,1.3593844487470326,0.5313442425993554,-8.30701116913074,2.4147368421052633,-2.075525291754454,0.7576860842251726,27.512744856265403,39.579894692048434,8.3,3.3270515359071773,10.705105939562376,18.20560747663551,0.0
2013-12-01,50.88049999999999,3.916621716186386,2.7777045733343497,1.1531834316644396,1.3962460640900405,0.6152102240924836,-9.43435741502644,2.5619047619047617,-2.9199148463161295,0.5985855095078653,29.601249573324353,35.062409877031065,8.3,-3.648470511161561,10.718208233118753,3.6211699164345412,0.0
2014-01-01,50.79975000000001,6.454155124352923,1.7770679334634165,-4.286714524851909,1.3845582348349406,0.2888900836633508,-9.464830703978533,2.4642857142857144,-4.0068403267007335,0.5924928974832893,18.989258682632105,25.07895140403249,13.7,-11.710958282495499,10.437138778395315,7.436260623229463,0.0
2014-02-01,50.726499999999994,1.6137936173202583,2.093316992337657,-6.161109498585004,1.3845582348349406,0.4077443097154278,-11.31027146388287,2.382631578947368,-3.3803158224413377,0.4383261218951458,22.761895927543097,27.86216603996472,13.7,-6.595268650893926,10.135582010582024,5.028328611898014,0.0
2014-03-01,50.67550000000001,4.852927491880243,2.0060925767977356,-0.9154706372472954,1.3998423192454559,0.47313224093488276,-13.098407823901548,2.3242857142857143,-2.1941037551478804,0.5177688992832781,19.318886542338575,28.447054874706048,13.7,-1.9773703298284206,8.939385746728679,8.754974417282547,0.0
2014-04-01,50.627250000000004,2.3496063085353125,4.333454745375853,5.385969881448793,1.3863563624126483,0.33146115251511415,-7.583258926805081,2.288095238095238,-2.115994941562249,0.597868716208749,17.925975982963017,20.305905450369345,11.1,-2.3991297047381455,7.945151033386333,7.055435565154788,0.0
2014-05-01,50.577499999999986,4.339584766204996,1.3471202888397649,6.806305926986345,1.400022132003227,0.2806893809535132,-4.933140852564999,2.17,-1.2331926012275618,0.8139769684795161,17.956875885076016,11.866891832893955,11.1,5.579187658389162,7.03156991595657,9.762760603882104,0.0
2014-06-01,50.528499999999994,2.864860351279175,1.621771346341827,8.623961538132319,1.4200712544946679,0.5136437196598314,-2.5584080948274024,2.146190476190476,-0.5829424190998411,0.9311102513946823,22.035382667791193,16.121149219639406,11.1,14.196810533601356,6.2525572831424014,9.02495647127104,0.0
2014-07-01,50.486499999999985,3.0213423591340938,0.9252449278101649,-1.079371496675141,1.3584853849581786,0.2567510236620864,2.9933381700977924,2.0359090909090907,0.2860556582497731,0.8364142516907573,14.530207465874945,6.644371247725656,10.7,14.242036903225097,5.5883746643500265,12.789017341040465,0.0
2014-08-01,50.45774999999999,2.4690520241631875,-0.9820286420668012,-8.691876167174051,1.3040021193536349,0.6617626767040025,-2.5661854235519255,1.9476190476190476,-0.9239974498962411,0.6857933500602126,22.682598642923946,14.917214138993806,10.7,20.533728037745334,5.051981704447761,9.418116376724651,0.0
2014-09-01,50.44274999999999,9.757083330950245,1.6008930938748334,-12.997783468631551,1.2514967940845694,0.3454661715670465,-4.009531372809693,1.9676190476190476,-2.8354398699383943,0.6896161736018968,17.289999214533758,14.955819371234934,10.7,3.6981088432954,4.737478313698218,6.050955414012737,0.0
2014-10-01,50.43375000000001,5.918212508150544,0.4055618937914396,-19.849646837481473,1.1576345345282268,0.23283434391036023,-6.463169140970426,1.8586363636363636,-5.340946432057758,0.11895526399512642,14.887790995370542,12.332603578948675,10.5,0.9594673790491726,4.604854934847591,19.456066945606697,0.0
2014-11-01,50.42725000000001,6.171670591265044,3.9021589787450406,-26.30446161418093,1.1732782444542842,0.4738058312314854,-5.060419069426791,1.7983333333333331,-6.148436240020172,0.6963280968022032,14.494879943455086,7.229273552857585,10.5,-0.3392704923851242,4.570783132530121,11.151736745886653,0.0
2014-12-01,50.424250000000015,0.21935362997558272,2.9249838781802984,-43.71896349354439,1.0860690569354599,0.29391459944144205,-10.650842271516147,1.5718181818181818,-8.456937201387603,0.3327318534427402,11.390633786748117,7.219173903814324,10.5,-3.8985391543867376,4.500335892815666,17.77456647398844,0.0
2015-01-01,50.421499999999995,2.595653848373458,0.9778013676570607,-55.82639294708209,0.9386225955634272,0.14179973453613395,-20.0361657452684,1.33,-9.840699959778387,-0.019452382347938734,11.91524851405299,-0.8762868724786377,5.5,4.462824079892291,4.309030326989327,11.98163733741392,0.0
2015-02-01,50.410499999999985,2.538722264128812,0.9002839437138421,-46.652691253727454,0.9323291490414501,0.24414982382595915,-19.86145327195128,1.3563157894736841,-11.11827543805135,0.3838605281601989,13.178631060959066,4.737763592443511,5.5,5.503740766827869,4.21921132963019,10.14168530947055,0.0
2015-03-01,50.37775,-4.817932781314605,-1.2245082028507381,-48.004317688425616,0.9772823384841433,-0.010030993509224609,-10.682126987893326,1.4022727272727273,-13.68467247378553,0.5207717689738687,10.444146379802222,-0.17982743363065268,5.5,0.046873673131031524,4.274776954671244,11.526479750778817,0.0
2015-04-01,50.29675000000001,-5.811350952704986,0.46796086696729855,-44.75972883872622,0.9966122099445011,0.009268647788042808,-9.462337394757302,1.395,-13.146081722147308,0.6860920196312753,10.69880112623871,7.6866902130243275,5.3,6.075097092224779,4.295690808449004,11.386522075910143,0.0
2015-05-01,50.13625000000001,-9.108961503159152,-0.5741150358506419,-41.5049006996257,0.9986800566588648,0.16945253628938434,-8.653865431413966,1.5885,-12.529606969876905,0.7056928685972721,9.556187267517192,9.577707333297013,5.3,-1.195282557919497,4.3530276254501565,12.683237731038876,0.0
2015-06-01,49.88407500000001,1.0535228827660559,0.261583851050573,-45.00863514387389,0.9876215720559625,-0.3639697836169065,-14.486304043196474,1.675,-13.16415138314313,0.5801257765546607,5.248370241155231,8.245694971425333,5.3,-6.340610376143918,4.3538954006113295,12.67942583732058,0.0
2015-07-01,49.562124999999995,0.9263869812034198,1.5262840466021776,-47.02419448881715,0.9432977272654673,-0.38312487506217713,-23.288933439889004,1.656818181818182,-15.51187016424973,0.5784723136771744,8.969427193858603,11.66239004328109,7.0,-13.431950079984034,4.400430828147428,7.953603976801993,0.0
2015-08-01,49.22572500000001,5.322156728188587,0.6385647621981461,-54.22116722983263,0.8015153677632139,-0.7175318731766505,-26.772079471995735,1.4695238095238095,-16.27807815639637,-0.05816134071181288,-1.5568737418584333,1.4967124448138858,7.0,-23.253020084651677,4.46621076835787,8.874172185430462,0.0
2015-09-01,48.92804999999999,0.045151824587952305,1.274289430636677,-50.950168805945395,0.7084622656168397,-0.7255736000546565,-24.08198361319873,1.4595238095238094,-15.324862318681909,-0.6789498465332989,-2.6497121990468497,-2.4315230899006224,7.0,-19.396194735472772,4.658936654965995,8.644067796610166,0.0
2015-10-01,48.69975,0.3104647582285347,1.1120999311351687,-44.60408398730841,0.7875798790359791,-0.4719989360680319,-22.580961197525262,1.4252380952380952,-12.791479338673394,0.2728076911240239,3.0380841460970087,0.609928534972215,-7.4,-15.457248611444408,4.868900393059161,7.532467532467535,0.0
2015-11-01,48.517399999999995,-3.647214978461233,1.1694691686696013,-44.27392720531351,0.820395707329145,-0.6055229716749905,-28.49676721653601,1.378421052631579,-12.689261075647519,0.345503530003582,0.62149844026127,4.223995159512395,-7.4,-16.30004366424084,5.08209116439835,7.921810699588471,0.0
2015-12-01,48.35887499999998,0.16382090126190185,-1.62971941014457,-39.030312752940496,0.6895819260509086,-0.6656325236128895,-28.0405243193931,1.26,-11.180151284343287,0.11778022755641683,-0.7265997205823549,-1.5890119461767105,-7.4,-16.1748401403042,5.191504701252669,4.7451669595782064,0.0
2016-01-01,48.23460000000001,-2.591836221975663,1.3887145910423948,-35.72064196651975,0.5383593967656898,-0.7374844898705142,-23.304002940185587,1.1857894736842105,-11.057792668016809,-0.5962564362022189,-2.744374671953509,-4.315249244233799,-8.2,-19.842592759362322,5.282439992781085,2.781641168289295,0.0
2016-02-01,48.160825,1.4086209491420476,1.7900715589308946,-44.60586448175848,0.5057233812302948,-0.9152858208054624,-19.734712548812062,1.046,-8.66532539806344,-0.4456210248871422,-8.185793277797583,-16.6551400789113,-8.2,-23.85458950099306,5.191796361541079,11.452282157676352,0.0
2016-03-01,48.15954999999999,-6.2428876911773346,2.780920761836736,-31.62719198360282,0.6194549505203079,-0.6453132438000792,-16.598106629693177,1.014090909090909,-4.218007969332116,0.3907744986013041,-0.3941168421491281,-10.989467714425516,-8.2,-12.67733003821423,5.064616702763169,7.306338028169012,0.0
2016-04-01,48.217099999999995,-1.6501584877427367,1.1683159044330482,-30.14055887552899,0.6894021132931379,-0.7354765346359273,-19.35340070401007,1.0371428571428571,-3.445901027830933,0.585026465813993,-0.9690656406761256,-6.242374747067303,-11.6,-17.943515619476656,5.013121197500481,6.99300699300699,0.0
2016-05-01,48.311649999999986,-4.358669545065464,-0.011554337479902088,-27.05051743678353,0.6810408200567971,-0.7411402881096241,-25.42169468000828,0.99,-5.439890774981326,0.5157380532929534,-0.49539676749033035,-6.144880490504079,-11.6,-17.59138932014147,4.939040358483426,-0.18248175182482562,0.0
2016-06-01,48.43847499999999,5.070618512173941,2.2842561748787737,-21.520728127703304,0.6419315452416542,-0.522865045576995,-20.41904910335961,0.9127272727272728,-5.067519566125411,0.14925326825254512,1.7328207482185443,-15.973573573098676,-11.6,-11.232606605762818,4.880298906776148,3.1050228310502304,0.0
2016-07-01,48.608875000000005,1.3967305511131345,-0.34159649967657746,-20.525339222251382,0.6408526686950295,-0.006598233760272643,-10.846112394653185,0.8314999999999999,-4.026616852729736,0.7282713431317182,3.315841834517408,-13.17671059121086,-8.5,-0.1529386103658381,4.886687987895044,6.6066606660666105,0.0
2016-08-01,48.821024999999985,8.603565703725135,3.217102781511194,-1.4446017881094786,0.662160480490866,0.3780843205173388,-7.326069187575235,0.8191304347826087,-1.3290281607824417,0.8234690569382136,10.078689168715794,0.08269734014230146,-8.5,10.492777978218903,4.988194130796453,4.251453488372093,0.0
2016-09-01,49.079349999999984,3.4353455782762277,1.4163258524038547,-2.216262133605673,0.6257483970422847,0.5962062232144958,-9.488628195801518,0.8595238095238096,-1.322136347101588,0.5951808153906657,12.92896394569838,1.4752202575177398,-8.5,16.938530584551724,5.089190826086476,6.679035250463827,0.0
2016-10-01,49.36142499999999,5.172596011212804,2.9625274383817235,2.255587347472554,0.6626100123852929,0.1688726412423083,-9.294872592883996,0.9215,-3.249324407760046,0.5493070980869537,2.2502016247627266,2.6315734148929293,-1.5,9.019661202959806,5.125641347944843,4.19475655430711,0.0
2016-11-01,49.64279999999999,6.9735703261662785,5.102814202028361,1.053754124363615,0.7511677955873979,0.3393824708840997,13.563332786184423,1.1625,-3.9536581600672527,0.4676542688884141,5.6911931535803095,15.207916360483708,-1.5,6.903476248662654,5.190362794309955,8.472998137802612,0.0
2016-12-01,49.910774999999994,12.145933666390341,5.948303769277241,40.265392527388414,0.827857936776632,0.5386944713310714,22.02098228721303,1.2952380952380953,-4.538772030113125,0.8143353480397811,9.535022667283656,25.602078018178176,-1.5,10.868372360204614,5.304821630513001,6.937269372693722,0.0
2017-01-01,50.15125000000001,8.776396914297479,2.8551573050938472,77.77705391510175,0.8743395346603763,0.992382990187464,28.685889564509125,1.226,-2.21408860906942,0.9226970814463856,17.453002136721206,43.14125084316398,-1.4,24.51321582540338,5.495083166200976,12.732474964234619,0.0
2017-02-01,50.364499999999985,-1.1218996526079494,0.9643351455108196,70.5001320634526,0.8905226828597458,1.037375184395539,29.18905520290771,1.2178947368421054,-1.6088786836183644,0.9324777797811383,22.327047839549465,59.70124683934128,-1.4,27.725198150122598,5.555206865267981,13.683223992502347,0.0
2017-03-01,50.55724999999999,1.957090500204206,1.4427262820113862,35.01312938691426,0.8767670068902816,0.8845070708145742,17.579095528379884,1.168695652173913,-3.3625368557338,0.8864051843915336,14.709622666221778,43.313090831126466,-1.4,17.236248220690918,5.620115528372405,11.206077872744535,0.0
2017-04-01,50.73975000000001,1.9711079473177184,3.992490045097541,25.790528425271585,0.8990637888538574,1.0372085159017892,16.646999421791154,1.0563157894736843,-4.3199828372963545,0.7310540399511548,15.440850956484375,32.05963627143993,2.8,18.745013509804288,5.627710478837256,14.360902255639097,0.0
2017-05-01,50.92825000000001,9.33250625057671,4.2570135217851135,7.667860972680973,0.9660440411234699,1.042784287346644,19.27819351340836,1.0018181818181817,-2.806013227948845,1.016300806569507,15.014669161765015,25.398616202068823,2.8,26.8070819067864,5.651556659753099,12.932604735883423,0.0
2017-06-01,51.13575000000001,1.489449897169659,3.8386849311247806,-3.894709074464886,1.0191787110447328,0.8896549590557523,23.218512924334078,0.8445454545454546,-1.0762365238190297,1.0600323535685818,15.46314609248347,47.39438417282942,2.8,22.40166523211473,5.686766064124571,6.503298774740807,0.0
2017-07-01,51.354749999999996,3.5812317815731243,3.5560542136181317,7.8454220913356965,1.0429139950704747,0.6767727341642358,23.02643814296761,0.9455,1.2595742660585163,1.0912830074906585,13.650162764153384,41.16176156436695,3.9,22.911011192125773,5.728961748633887,3.3153430994602884,0.0
2017-08-01,51.579000000000015,1.8645891329439834,4.513072295082199,12.785591669116725,1.0253822511878243,0.6073922826214929,36.491473094390244,0.8739130434782609,1.3752073918806729,0.8766430001547528,13.851077083078668,28.0363534016939,3.9,24.699355770956586,5.815789760289269,5.97722960151803,0.0
2017-09-01,51.78474999999999,4.000794400111096,3.118890262724605,20.583203071075083,1.0163017069204006,0.6409431900575246,39.28169784592779,0.8175000000000001,3.082900328623861,1.0695198733714522,16.1921755467765,40.09880631470515,3.9,21.581712359199745,5.905124371347004,-8.310139165009932,0.0
2017-10-01,51.95025000000001,1.0545642073837236,3.171785902728086,16.124722129222246,1.0604457389531248,1.0162225286774742,43.88555124956368,0.8104761904761905,2.2784981352219624,1.1087243109501246,21.123162902427573,36.192777362912864,8.5,26.61831127843395,6.008924252553083,5.297107114933541,0.0
2017-11-01,52.06025,8.794838139728945,4.254254346937714,40.19306000101612,1.0883167164075944,0.7626558224448321,25.236302383662522,0.6566666666666666,4.258113697463939,1.0566656732886737,20.409676487393426,19.823540411620154,8.5,31.952523314372172,6.0857102528745655,-0.8138351983723258,0.0
2017-12-01,52.10799999999999,13.591664909677093,5.629900379982988,20.75688531946369,1.101532954103746,0.5848040555431409,20.732723892375994,0.5585,5.961603656605375,1.091283001509406,19.419965523287928,16.254491796634696,8.5,37.262789345343485,6.201525160814425,3.806502775574938,0.0
2018-01-01,52.10274999999999,11.801268628547422,3.5988220842285923,26.569240934354244,1.110793311128941,0.7490351454418357,22.78702207340575,0.5519047619047619,8.005213227910568,0.9912000387378707,23.91272487608005,26.134994456357454,10.0,39.376932560887454,6.202742812574491,3.5860655737704916,0.0
2018-02-01,52.047750000000015,0.6980557309512969,-0.41948890960419316,19.041544027191783,1.0253822511878246,0.6486547750899154,17.9368489268273,0.6836842105263158,7.29440779111552,-0.4390653429751553,14.815716499221354,17.127411679966965,10.0,28.91181482033125,6.419632963053057,4.017372421281218,0.0
2018-03-01,51.9295,-10.04944673560988,0.2483630325090358,27.96623263523099,0.92064131978635,0.3848417609810769,16.731501638735892,0.5666666666666667,6.6651820647051,-0.007449388264116418,11.772455048983232,15.697986386939334,10.0,25.00317400825207,6.452408527431053,3.401069518716582,0.0
2018-04-01,51.7465,-3.3808521709281503,2.1017612955179343,37.849172410323504,0.9377235317745735,0.1520242342669854,20.542394334878455,0.4847619047619047,5.947939400904967,0.08740411646089216,11.066609473193022,17.27312856776009,11.3,19.45015262337433,6.396206197816645,2.765583845478492,0.0
2018-05-01,51.50549999999999,1.5835620694112595,2.8761384966679904,52.951635509885556,1.0109972305661628,0.23189058466926452,21.889476850857758,0.4659090909090909,2.8112334287663243,0.6070945099961519,12.168088761990026,19.20783072720309,11.3,13.100267212831685,6.246292903896333,7.426778242677823,0.0
2018-06-01,51.20474999999999,7.887269847906575,1.7602221970540288,60.46512713506145,0.9896894187703262,0.24994652159402234,21.785800140944488,0.379047619047619,-0.07462408374077079,0.6630954139634158,12.171288216832732,8.671549213226658,11.3,6.967901141994881,6.120474406991261,10.241935483870968,0.0
2018-07-01,50.84900000000001,9.562893620539526,0.9259921980234287,53.16889240124838,0.9925664228946587,0.22168829099021875,4.438189955246141,0.28238095238095234,-1.7998994632552945,0.7296362099807382,14.005990502996092,13.490993713757105,15.9,4.651441240549392,5.907982055363736,16.467304625199365,0.0
2018-08-01,50.4505,3.363947581996163,1.9078845235041664,40.274974772956604,1.056579764661053,0.21337285495231617,-6.70065792355471,0.2534782608695652,-3.571938324450641,0.8049808910492312,17.392030998398035,18.487840601620988,15.9,-1.6049019213281168,5.647958501013806,15.84258324924319,0.0
2018-09-01,50.028000000000006,1.3011678028902907,-0.5753991463362085,40.49329635942704,1.0757298233636403,-0.06878572898105119,-8.0035096166029,0.23631578947368423,-4.799462030988999,0.7593761645593865,15.663496134766518,5.651823987120275,15.9,-2.131064042488806,5.418767262534274,24.66960352422908,0.0
2018-10-01,49.602425,1.7831059486070888,2.12546192029599,40.90658378612808,1.0240336555045437,-0.7295603369418598,-8.637627356128764,0.2913636363636364,-3.5549753689769537,-0.04863802664769374,5.299658285035491,-2.523408216463341,15.9,-13.541135596986287,5.275084722300538,12.074303405572751,0.0
2018-11-01,49.209700000000005,-3.760965021544449,-1.2978831872194951,3.2434352146465617,0.8979849123072328,-0.6429820226729815,-9.23783492249507,0.258,-4.502843895963182,-0.053263350007178405,4.2525566905510015,-2.868891659897832,15.9,-8.947946184936285,4.945448590669965,9.081735620585263,0.0
2018-12-01,48.86962499999999,-7.076625987777607,-0.12368974833146806,-10.891610998090673,0.7713967308366096,-0.7845283662554358,-11.100243368965835,0.1563157894736842,-4.812587401307722,-0.7512028220320452,-6.2372598496206795,-19.604534109671246,15.9,-15.310313208491866,4.523819251511685,7.419620774938174,0.0
2019-01-01,48.612325,-6.411610008419211,-1.8404739487006272,-13.99552543265119,0.8442208977337722,-0.7515542555512484,-15.946413206925115,0.17047619047619048,-5.616366620972535,-0.07625992149645235,-4.239306414154331,-16.33998566229694,-2.8,-13.711056445259139,4.124337005303946,5.313496280552599,0.0
2019-02-01,48.44995000000001,-3.4998671218735566,-1.4060488382954373,-2.0775443028284823,0.9975112737333548,-0.5945962653061873,-10.076856929790434,0.17210526315789473,-6.282308283374793,0.46783659545322037,2.6036969918984187,-11.153504911448254,-2.8,-9.706464222777257,3.819760147507756,-0.6787330316742057,0.0
2019-03-01,48.358075000000014,5.384646420949379,0.8365891572354123,0.18465755400873807,1.0706051597671733,-0.4237982366245021,-5.290555056545676,0.16142857142857142,-6.333045813953975,0.5618506903035089,7.328258360632933,-12.131453679760861,-2.8,-9.17696986169424,3.6260061046248016,6.2001771479185175,0.0
2019-04-01,48.296199999999985,-1.2082439435698422,0.9369883750723229,-1.2102552723305626,1.0964082905072792,0.1921041055117641,-6.030055407473888,0.18761904761904763,-6.448194300076948,0.7545442131783626,11.245256842054596,-4.448600127318192,4.2,-4.345205986507561,3.526842693044041,5.304740406320541,0.0
2019-05-01,48.24369999999998,6.976548461158938,3.1388046216245247,-7.349780218297008,1.0652107770340502,-0.7365230395769997,-11.829108547886625,0.18863636363636366,-4.421856601393626,0.2813031413566562,1.729588496700507,-13.318860001117693,4.2,-8.970232714688953,3.408871959804949,1.2429378531073398,0.0
2019-06-01,48.20245,-4.6800511889946055,-1.5793353565610957,-13.687647999999985,1.0249327192933975,-0.24123083905879816,-15.556336006234483,0.26,-2.288682926615171,0.39241659274904606,8.217787973966196,-5.679085148273455,4.2,1.2847452573987894,3.2067684283795472,-1.1680143755615546,0.0
2019-07-01,48.17435,1.4777815730621313,-2.5089759720252514,-13.918371833494492,1.0343728890763628,-0.18783473619969734,-4.952275292182328,0.2240909090909091,-1.7849512697064807,0.7097809519094701,5.8264540041700785,-6.342944287912921,2.8,-4.768752853917945,3.1149501012615044,0.4773269689737458,0.0
2019-08-01,48.170225,-1.0405876347345577,-3.5686922688253686,-18.594741589076623,0.9774621512419137,-0.3523162147794902,-5.6453877420201914,0.055,-2.8715708598468392,-0.001840037360847136,0.8595474523136026,-15.50331498132782,2.8,-4.783936505225195,3.099472461311392,-1.1990407673860837,0.0
2019-09-01,48.20709999999998,3.5742481222600375,-0.3779650152016867,-20.362694519442414,0.9174945965253615,-0.14914421864167926,-4.817781230051576,0.051500000000000004,-2.8447535693975956,0.42716235241712247,2.1537556944893455,-4.615241575783124,2.8,-2.608946903618803,3.1625442556527883,-2.0955165692007727,0.0
2019-10-01,48.28777500000001,-0.5912070032435324,-0.28233664319510243,-26.309463766405184,0.9480627653463927,0.5592417315016566,-7.4327947123568165,0.15545454545454546,-1.6676643756766252,0.438762432776016,12.015166259771615,4.955002079200965,-5.4,11.208300129032445,3.2093426448100315,0.35211267605633756,0.0
2019-11-01,48.40509999999998,-5.127512180059801,-0.4736936391598112,-2.372695283693138,1.0191787110447328,0.5923417536809026,-5.422407793285999,0.19947368421052633,-0.33608214740219466,0.8079231861765007,13.796616490011715,8.043711916405204,-5.4,5.91103054520179,3.4089800854317565,0.37735849056603765,0.0
2019-12-01,48.52474999999998,-2.257640622389112,-1.6215646953211316,17.179891358487698,0.990768295316951,1.1315731085493828,0.028750942121269496,0.24952380952380954,0.26003835193300073,0.6532397453506676,28.878070225158446,32.13661196014075,-5.4,18.22295624137682,3.6806308815338307,-5.075690115761344,0.0
2020-01-01,45.9723,-14.721461908219924,-8.002592641554818,7.130014307465138,1.0752802914692134,0.6543115599045227,1.550854219244191,0.23857142857142857,-0.7312805884297946,0.6301236798293861,19.28256732533442,8.59423698342312,0.0,0.5508976175311764,4.012891407524233,3.2547699214365844,-1.4658099389712291
2020-02-01,40.757075,-10.051835840126245,-7.015903756152264,-12.982231220831608,0.8298358771121105,0.23092252695389962,-9.725239515196249,0.1731578947368421,-2.008107853256247,-0.08335540278162881,6.095550031209251,-8.498946110323047,0.0,-1.741078430508447,4.2996022329750305,5.528089887640453,-8.361463187325256
2020-03-01,33.42279999999999,-22.23170939262651,-19.353172214896965,-51.59955386859939,-0.15598756736614425,-0.3268306878859725,-19.517655689475678,0.42181818181818187,-5.435642602038948,-4.863452651163213,-8.813499261221347,-30.059846476170414,0.0,-18.1620938591768,4.577202933842717,-1002.5731822474032,-40.976925893635574
2020-04-01,22.504950000000008,-47.83001423621236,-47.62376211684155,-74.19957884885353,-0.4459356392715133,-0.2353467041530486,-21.440086667999825,0.43285714285714283,-7.290093297845379,-2.8209778760752857,-1.133811034533061,-27.259385465092723,-41.5,-14.163460681253227,4.597640260052982,-2123.2419547079858,-78.76027207207207
2020-05-01,32.442475,-46.01867205914423,-41.826027972378284,-58.80554738365043,0.20822317349855335,0.7149887103944997,-12.929391156881886,0.5035000000000001,-5.741444035238041,-1.4967743653685357,10.619317666684003,-18.9698331935068,-41.5,-4.618602160084295,4.361888654789725,-894.6910755148741,-73.46766695727986
2020-06-01,41.62907499999999,-17.72167387152882,-14.965761461577776,-37.29912071407389,0.6333904392475426,0.5449270427086184,-2.1697494647781257,0.5436363636363637,-3.6815753405631257,-1.5246895700299872,5.388951810161613,-23.941218079306303,-41.5,-4.2619170762489,4.379523909037375,-561.7451154529308,-63.86065405405405
2020-07-01,45.47817500000001,70.1270126989255,61.83263925214673,-32.34861985933312,0.7872202535204376,0.5925955719618345,7.258896064691989,0.4754545454545455,-3.13915077850635,-0.9879377130446604,9.755140143431529,-26.99206237873203,-71.2,6.466972986615205,4.8405569385417735,-563.5491606714628,-58.73446904969485
2020-08-01,47.61027500000001,75.811123484731,54.557904608655264,-24.229975672096813,0.8981647250650036,0.9040050265060235,13.993532015688292,0.5104761904761905,0.132398149488,-0.4923489299865902,19.609019269561976,-17.585128113840508,-71.2,13.847639441753334,5.834467248743236,-337.1563981042654,-58.10059982563209
2020-09-01,49.33029999999999,44.92880158666568,31.159536901981543,-34.88506135206052,0.8963665974872959,0.743289839581148,16.419672700438426,0.5447619047619048,0.835964794448274,-1.0891851570092737,12.975940493049665,-26.93192319320712,-71.2,10.822373104455751,7.042745533079975,-306.56324582338897,-55.39832252252253
2020-10-01,50.34300000000002,22.783694996976656,18.94163719468951,-32.69553331479936,0.888275023387611,0.5215318793172662,16.613931855589236,0.6376190476190476,0.8278165079724342,-1.3138430897942313,7.650874315595924,-25.879179471452552,-37.7,7.8675313598329355,8.414650258578394,-274.7467608951708,-53.14118047079337
2020-11-01,51.041750000000015,20.38467605834007,14.923797468597,-32.46148630833553,0.977282338484143,1.0217884073098902,20.63079498451963,0.7042105263157895,2.1114272863379857,-0.7565140766596041,15.302545872069494,-17.67815008522411,-37.7,17.676790350739303,9.522462240706941,-234.78163992869872,-54.08716216216216
2020-12-01,51.77050000000001,12.91688508364286,10.39118025427912,-25.623681342885618,1.0649410578973941,0.9270154975345762,27.894654617063686,0.7977272727272727,3.4599337486216353,-0.4276951176317016,16.258923055706177,-13.629143317798608,-37.7,17.020461159282863,10.419936003468443,-254.5550847457627,-55.570803836094164
2021-01-01,52.220499999999994,12.057484422849418,9.322851670215515,-13.938865876303385,1.1044099582280784,1.1562322215622327,32.18158050624553,0.9500000000000001,3.2894983509558773,-0.7457892722466677,15.151664467863025,-6.6539391128430765,-5.5,28.64798119167635,11.313335844791862,-284.1299303944316,-57.3756652136007
2021-02-01,52.64225,2.9830507474936985,3.128844663597974,11.893382683220421,1.1202334809119063,1.477932634444832,48.93305788756539,1.1426315789473684,4.02147859912354,-0.5238336554935156,29.006977819484092,23.772100116106355,-5.5,34.7494169238153,12.190694205339181,-259.1817316841104,-56.752741312741314
2021-03-01,53.125,10.599737331690417,5.186729773986487,104.33368832090876,1.148104458366376,1.7564495915428966,73.43018260633907,1.463913043478261,6.350953030062046,-0.36108267408991573,53.71450626511303,83.55997706868507,-5.5,58.816731459048135,13.48429497011443,71.34139813724441,-56.56290671316477
2021-04-01,53.44850000000001,7.587943712782841,5.4095747582930676,252.62126941807006,1.2029473494864613,1.4739631407934097,84.35882009627574,1.471818181818182,8.637272268867147,0.1942038628674684,43.56293610537338,71.1039334415626,15.1,49.71210873894832,14.999746773666311,87.36932396933469,-57.22185405405405
2021-05-01,53.566,3.8000925131046914,4.675023486424612,133.27660336796842,1.2389099010406155,1.3568969607527985,94.01950345883299,1.466,9.299628161348295,-0.09985681648802561,38.0972956881811,79.57262268652285,15.1,47.78404263715246,16.9179145131682,78.41170516241833,-55.53035571054926
2021-06-01,53.57824999999998,-2.7881833583376925,4.566799910000086,81.69821757142695,1.2402584967238963,1.2786728290472258,67.3705836679144,1.3163636363636364,6.7673286033386955,0.25182568030577857,38.61606320225206,68.01288510887113,15.1,39.94534806990979,18.81293540035218,72.52138902868646,-53.09505225225225
2021-07-01,53.234749999999984,-4.337624160380161,1.1149585183689137,73.82546317412641,1.198631843299963,1.0663688443359638,48.30723401821799,1.099047619047619,4.7406930508336,0.17072940639305975,34.365587571392275,63.901194575376394,32.4,20.955748723472524,19.823406733295414,73.25623418865197,-51.026709677419355
2021-08-01,52.94499999999999,2.865076681930301,2.723135709215052,58.14364909053751,1.1629390108824647,0.9284458887101422,43.970082585672365,1.0659090909090911,3.0294589118261106,0.1864849501017411,29.207987294652327,67.36182462655546,32.4,19.40658420083099,19.955804557933977,60.99848222029488,-50.52065213600697
2021-09-01,52.75224999999999,-1.7954626754617231,-2.9082057041039944,82.08131020766436,1.1683333936155877,0.7755898014526346,39.07305918737853,1.1338095238095238,2.4920987008135054,-0.10791757445711893,28.08623369201606,78.47859280930834,32.4,15.953101980805462,19.670215299399363,58.35045494570004,-48.95098018018018
2021-10-01,52.55524999999999,6.132545595393468,1.0745987581659788,107.86026389021286,1.1515209007640206,0.987242077655228,46.40296718577006,1.19,1.4824080486766422,0.13739930978805784,40.83902976879674,80.21577907145915,18.2,15.57079755461508,19.06546367747355,64.24440533065125,-46.3772502179599
2021-11-01,52.24049999999998,15.676097314069736,6.997827765330733,89.84652106989091,1.0352719528652168,0.7418956418609899,37.62954228766784,1.0515,-0.7812510955455876,0.058195450307896454,26.103443691858995,44.96348463868558,18.2,1.7052805775026103,18.80341512350332,68.51913477537437,-44.26665405405405
2021-12-01,51.873749999999994,23.830824746108604,11.450914839896754,48.35983454171222,0.9771025257263722,0.6668758566507127,22.888412359006715,0.785,-3.490036846507505,-0.29980745676447246,26.89273866137125,35.04238206036503,18.2,-3.632397139418453,18.862617899364096,74.15596056169704,-44.343400174367915
2022-01-01,51.417,12.047450490439982,6.18513054402785,57.93120475999211,0.9943645504723664,0.0557084611095644,22.706428851197245,0.7835,-3.1842269588421956,-0.528910528131162,21.573991356507925,38.044587249594656,14.5,-6.616139382682373,19.24699113733952,71.10413143271322,-44.45150130775937
2022-02-01,50.86500000000001,0.30229073170102705,5.221427935061196,55.964127720729316,0.8622021735108494,-0.21851901997270448,17.37983033760124,0.49894736842105264,-2.66092474642019,-0.8509574460015279,14.766935268444836,18.306879944347145,14.5,-11.348954603090833,20.040808305493663,70.99337748344371,-41.63612741312742
2022-03-01,50.249249999999996,-11.68612092344471,0.739443722358768,79.2466249675957,0.6963249044673125,-0.281780569831712,13.825231691430883,0.21826086956521737,-2.6065670920813577,-1.004023753083415,14.03311641516658,3.329448993109163,14.5,-13.720103331984701,20.77480075030922,67.87448636533433,-35.714247602441155
2022-04-01,49.62579999999999,-4.873440824407571,0.30162889899583156,61.36539260397451,0.640493043179488,-0.7387088878249346,9.11042086397531,0.20950000000000002,-4.027716226777667,-0.6784929204265535,-1.177654747685286,-13.50884278303045,1.5,-19.973649429480766,20.71135737620906,63.83701188455009,-30.21134054054054
2022-05-01,49.00929999999999,2.5350677926222254,-1.3130492145049688,65.37378657641301,0.516961678590968,-0.6476669718216449,-7.586426381640177,0.2814285714285714,-7.628583137625444,-1.3147309883433207,-1.711657479886508,-12.789999223471272,1.5,-20.78869150697549,19.91785402448718,55.29624893435635,-25.918027898866608
2022-06-01,48.444949999999984,10.960035687330215,1.8965612234180584,67.72019013183024,0.35872645175268913,-1.1562854569970284,-5.855247695770971,0.14523809523809525,-7.571418315146716,-1.1459299944030508,-11.916698480221054,-19.333971289300646,1.5,-25.58144401694348,17.98103510344142,48.1074481074481,-23.3564972972973
2022-07-01,47.96497500000001,7.5764046559007925,0.9824911742127185,48.904890048421024,0.33337285290701035,-0.8818425516810958,-20.16767686893489,-0.13999999999999999,-8.56854462966956,-0.7405837044618961,-6.028533936374103,-11.17208600113232,-24.2,-20.739238578958773,15.619349005424944,41.02702702702703,-21.942394071490845
2022-08-01,47.622775,1.6155376870961025,0.6100238102596967,41.97939249531439,0.41671606613376294,-1.115747274216847,-14.720448230310822,-0.3521739130434782,-7.861566501201689,-0.40204025235533275,-12.551853186991902,-17.601239812321634,-24.2,-22.999233672688923,12.939744777769091,39.81931897150799,-20.830481255448994
2022-09-01,47.4175,4.113948607788864,0.5739259918226214,20.507994624241753,0.272236515264948,-1.2666174358846856,-16.93026655814429,-0.3376190476190476,-10.710905304147623,-1.0589013236933273,-16.759447743453126,-26.53890067235759,-24.2,-29.140064764319806,10.667865579292224,44.32699083861874,-19.50355855855856
2022-10-01,47.35845000000001,1.159421214491596,-0.561927717705546,11.723764464458775,0.1928491827091524,-1.297920744252283,-22.15980923737584,-0.3915,-11.762852941061741,-1.3849751024774581,-15.924851391322436,-24.899016730408206,-39.1,-31.278410654014742,9.1191887880804,28.762306610407872,-17.176350479511772
2022-11-01,47.435975,-7.262920087453328,-0.48838009499666546,12.788963041893343,0.29174619948307673,-1.2101541176835824,-17.258296388596484,-0.6125,-8.577217656575531,-0.5609206061728232,-10.661044286799326,-16.852478766620116,-39.1,-17.18217477975693,7.523175831901807,10.887949260042284,-16.149664864864864
2022-12-01,47.67060000000001,-12.39210208996806,-3.8453477218700405,9.105407105895047,0.3560292603861276,-1.3821529357229796,-12.355422433287156,-0.6723809523809524,-5.552278504753061,-0.3537123265981373,-19.442827203429268,-23.725610692000277,-39.1,-20.563685207188055,5.6300200713087944,3.7225433526011598,-15.580207497820401
2023-01-01,47.979674999999986,-9.894238602859783,-1.2468877790934085,-4.628401252883096,0.4971822752361831,-0.9912963265751136,-7.92235124134325,-0.6759999999999999,-4.148902860011994,-0.155362241525313,-9.720847427606383,-16.3357505706785,-44.8,-13.293944534886448,3.831745198345393,14.506688963210701,0.0
2023-02-01,48.321675000000006,-3.763616732942532,0.12259749528042985,-14.97390068877471,0.5313466992126297,-0.934559962196626,-10.123406256050005,-0.7868421052631579,-4.618031173243642,-0.13768899342201774,-9.231723445491092,-18.26923186284378,-44.8,-16.236852835441383,2.223282642164004,1.9406392694063967,0.0
2023-03-01,48.67517500000002,6.737643020265227,3.0252954046711134,-33.10230509077962,0.33193435084484413,-0.7304039135701718,-13.43561036954739,-0.6395652173913043,-3.83020188550498,-0.33615909660240695,-9.294966308410613,-33.91332260440759,-44.8,-10.516336697910367,0.8518401714531887,-6.511627906976747,0.0
2023-04-01,49.00099999999998,-0.669500845141302,-0.36785443087650194,-19.06467095804415,0.3088284114713001,-0.4955066440900156,-13.417962214027535,-0.5559999999999999,-1.7721013156152043,0.14381572763478723,0.9087715205739144,-26.149372540168358,-46.0,-5.464827729855126,0.001658330790554885,-1.5962441314554043,0.0
2023-05-01,49.31754999999999,4.563874140646784,-0.14985727140196525,-33.414870866227766,0.3704142810077892,-0.2295000942972785,-12.260434720764513,-0.5581818181818181,0.05592152136973949,0.16561695283107325,1.1538830126710975,-34.6434356303793,-46.0,-8.298394594401126,-0.29222676797193703,-7.7473182359952375,0.0
2023-06-01,49.60139999999999,-5.037614738652074,-0.9762799509325792,-39.01188976452953,0.39343031400244804,0.7357808329204877,-7.400388818992654,-0.8914285714285713,0.6071675358124806,0.6234337799305633,17.567589530959093,-20.59202317776927,-46.0,0.9416686659798446,0.08472238001722143,-17.999999999999993,0.0
2023-07-01,49.81010000000001,2.9141050501708454,1.3671364670213793,-28.427443372304772,0.460320659893175,0.34742129244942366,12.351133860553754,-0.9289999999999999,3.830540964161666,0.6297414171279044,11.105029369296048,-17.62102457178659,-50.8,7.415024712063256,1.0892798957315097,-7.7910174152153955,0.0
2023-08-01,49.94557499999999,-0.5371784362675602,-0.5868109940906141,-14.235096071173226,0.5673092507667841,0.5526475641264005,4.467832295220786,-0.7339130434782608,2.0123034507096293,0.3901696452700958,13.973708122629592,-22.967866116100343,-50.8,1.6448618678567284,2.6776329013401545,-13.163972286374136,0.0
2023-09-01,49.98245000000001,1.6436320994505982,0.09248366413778797,4.40887823199263,0.5897858454881305,0.8710699273558284,6.851299604062389,-0.643,3.144299197576972,0.46705096643755023,19.59018703997495,-18.30324593591245,-50.8,11.32529665809292,4.046552671450687,-10.683544303797476,0.0
2023-10-01,49.96205,5.360687250375862,2.5947308139971703,-2.9314688026300995,0.5205579337463834,0.48775639228738427,3.7938819558993586,-0.26952380952380955,3.1247556292601453,0.009620243609001754,8.311505375598305,-29.02420324964423,-33.9,9.83114138969814,4.787731187586486,-3.775913129318864,0.0
2023-11-01,49.92392500000001,-0.41607405644558115,2.1682414603717115,-9.271358532971362,0.5448326560454376,0.39575946643492604,1.735761118415624,-0.3795238095238095,2.907906211414546,0.6130404992541852,11.952856281464053,-22.00385638605339,-33.9,2.423089309194415,5.1740351137370855,-3.4400948991696323,0.0
2023-12-01,49.890299999999996,3.7445660403824688,2.018792613793763,-4.069185122363028,0.6250291460112017,1.2284293407776885,0.43971700887186493,-0.437,1.9644142521103802,0.7834631711006422,24.230500797629894,-4.78929291436142,-33.9,8.94833713158767,5.6691832065998815,0.19212295869356355,0.0
2024-01-01,49.85885,-2.3367244287792244,-2.0650084667221402,-2.8815715115519502,0.6904809898397626,0.7924957405178855,-7.28301957019597,-0.2647619047619048,-0.3482947303777406,0.6985758733764733,18.864980284174738,-15.239528059829366,-14.5,-4.684559452843773,6.168448457887887,-3.4229828850855792,0.0
2024-02-01,49.827724999999994,8.198372554282617,0.35276570363158566,1.081425486583787,0.7412780939100054,1.124439668110534,-7.067983826594249,-0.3365,-0.6296871053863118,0.6297413932028946,28.36467500944242,-11.801187652835765,-14.5,7.416948383682365,6.533983460598813,2.211874272409775,0.0
2024-03-01,49.78747500000001,-1.3044434716621645,-1.8392061680537197,8.891706716777815,0.778948866662982,0.9436394627584895,-1.8460488159692923,-0.3795,0.07137330807516218,0.6493721450135125,27.864532554994035,27.80350719654441,-14.5,6.9052909590612055,6.535576305551705,6.026200873362441,0.0
2024-04-01,49.72977499999999,5.900324409926139,3.0458243441623845,6.261656741147914,0.7489201361152632,1.0422964294635237,7.224710607837759,-0.33409090909090905,-2.43000973864691,0.354569150742895,20.775011871866987,24.47096418352148,-15.6,7.570615280667781,6.389110917273877,2.8419593345656247,0.0
2024-05-01,49.6659,-0.40843298017696483,0.7045496725227363,8.321880682943949,0.7368726813446216,0.858006390248336,22.734100525764234,-0.3740909090909091,-1.8633288087483324,0.736806697562252,26.26134715965296,37.788862126349024,-15.6,12.369494168674455,6.008697531551466,1.7699115044247815,0.0
2024-06-01,49.615425,7.860120765516987,2.4045533807564468,9.897112593078482,0.7008202234115819,0.8735975060662424,14.906766273615911,-0.431578947368421,-3.698775600172466,0.7886885768111263,22.69694103097326,30.283008593412998,-15.6,10.452695942351298,5.498401043051837,6.360917248255237,0.0
2024-07-01,49.613000000000014,1.6218226376512712,0.4933472787829851,6.297675940454184,0.6576651615465967,0.5066585008289636,10.719221416250658,-0.24727272727272728,-4.517839125449452,0.5637620865386301,20.33880991978243,28.24043473374658,-7.9,5.040355620907766,4.946122877873149,-0.871598639455784,0.0
2024-08-01,49.67739999999999,8.720368661011868,2.1560601128247425,-6.723902488049694,0.664947578236313,0.6494181338809907,7.586278090694631,-0.09454545454545454,-2.3005815987359846,-0.04363301692596255,25.306693640426325,42.245399147454954,-7.9,13.595404172426374,4.307724893534393,5.877551020408167,0.0
2024-09-01,49.814074999999995,3.1665166287629054,0.6399540150316074,-21.025622786649535,0.7435257533821401,0.914535290526044,11.869623434053267,0.101,-0.19673965825128814,0.14994889607407882,34.38463271040999,46.20002266697085,-7.9,23.97874227617034,3.901336823946977,-2.698993595608412,0.0
2024-10-01,49.993725,6.441349787515738,2.221452333897589,-16.516529880219977,0.7839836238805636,0.9912200562723918,20.054955520048388,0.12318181818181818,-0.07947008650437404,-0.12499038430827154,36.04488676200985,64.88497423298519,0.0,24.259800687446354,3.567717907322443,-12.366230677764566,0.0
2024-11-01,50.16625000000001,-0.7242308114228768,0.3776489247912851,-10.362625879867249,0.8314541919320473,0.4110960543832294,10.820317763169228,0.09842105263157895,-4.198257580469034,0.3566673224622071,32.06314069679761,62.67514796381046,0.0,12.190272376482557,3.7305636384612484,-0.5504587155963359,0.0
2024-12-01,50.28475,3.255014079046137,3.0509885716733187,-4.858304124095769,0.8595049821442877,0.012767316958342982,5.970661195429661,0.1657142857142857,-6.461185071492714,0.38862959064373886,23.309002343424012,32.7535989139276,0.0,6.490038225518369,4.001415405401043,-7.19441770933591,0.0
2025-01-01,50.32399999999999,4.70508259481186,1.337779627214175,-1.0653928849001293,0.8933097806051928,-0.03537328639315164,7.487910947480914,0.35714285714285715,-7.161094980957694,0.27826983180336307,24.65881578102782,44.69285231271398,-6.2,13.938930800397209,4.159466043631732,-1.6548463356973908,0.0
2025-02-01,50.288499999999985,4.797268266542454,4.086911002652505,-9.631383197188882,0.8864768958099034,-0.5457513969699004,12.354372572732885,0.24105263157894738,-5.624944207220772,0.2398732386996311,16.840355341840564,39.93382598716486,-6.2,10.63483235940026,3.9890359083596616,-7.14285714285714,0.0
2025-03-01,50.19449999999999,14.173095576792116,4.590519649138924,-14.841195966610886,0.7790387730418675,-0.9150874643914495,11.998458497763863,0.31047619047619046,-4.628098390759772,-0.36088012287495674,6.803886177273677,16.852645136953992,-6.2,8.920593608669126,3.4402221941674194,-3.6245353159851224,0.0
2025-04-01,50.096500000000006,4.015081024423961,4.060914810397875,-24.24289193625245,0.6936277131007511,-0.8280657214766576,-2.8891537978314563,0.5014285714285714,-1.6352876638185743,-1.6308893201683292,10.591798212233705,16.496987984061604,-18.5,9.30965128977923,2.84122614775999,-7.372175980975038,0.0
2025-05-01,50.04999999999999,4.895868276736648,2.432506270950552,-21.15473562187258,0.7814662452717729,-0.7665358367672941,-5.791767331120445,0.5038095238095238,-0.39703560056831844,-0.18724088809427106,12.016655656650332,21.46940942933235,-18.5,11.529290484773114,2.374252061175741,-4.414414414414414,0.0
2025-06-01,50.05524999999999,-7.018251319336056,1.972902246465047,-13.13284305040744,0.8689451519272532,-0.5309089773138799,1.9371668757194538,0.49450000000000005,2.5184884568901444,0.09400441719732526,13.633787093929461,33.63635779567882,-18.5,16.294006250819848,1.9420251537910493,-1.7887563884156688,0.0
2025-07-01,50.09350000000001,4.149138161895083,3.943703064819948,-16.572207585319532,0.9134488094755192,-0.35958223151964575,4.105003099199411,0.5095454545454546,2.6500898757654268,0.3302801869821655,14.796196529164863,24.849431497899133,-9.5,16.084211790807345,1.6437952258682609,6.6385669125395115,0.0
2025-08-01,50.158999999999985,2.3964559631105997,1.0276236378614412,-15.53755348274921,0.9375437190168027,-0.2769588063171384,7.691225168058757,0.5609523809523809,1.6620470404365206,0.4032040744220663,14.373271675477085,30.130251197468773,-9.5,18.03764915081132,1.4844966248853897,0.43365134431916363,0.0
2025-09-01,50.250249999999994,9.884008233537656,3.20923874331398,-8.148451413481816,0.9408702550355618,0.13281327568843987,7.945073931251279,0.5519047619047619,1.5225789087890296,0.4002772140221226,16.06912273200516,33.19063268184419,-9.5,19.55421173618952,1.302337615933613,-4.231625835189301,0.0
2025-10-01,50.37025,0.9669004678439341,1.0572149116305996,-14.661837831623114,0.9274742045816394,0.8004325416559991,12.64871047209577,0.5404545454545455,2.292555718142253,0.11012022590611105,19.888877497034162,22.954459745880108,-6.5,27.735332495068697,1.3189696417823082,4.021164021164026,0.0
2025-11-01,50.51974999999999,5.7889979620675325,3.8545346935842772,-14.188182546036831,0.9076048948479691,0.7062505951176763,19.131258904245207,0.543888888888889,3.8742525396242455,-0.11788331610452202,13.538768724835704,11.566296543115694,-6.5,28.923148187209403,1.2873627137494736,-1.4598540145985384,0.0
2025-12-01,50.685,1.7891995477949951,2.564822070402828,-15.319917256025661,0.9332282128303041,0.6963281944128632,32.335423124726795,0.6422727272727273,5.790643153394215,0.42851931753963096,16.38780638006745,28.798926103027167,-6.5,33.98021511224665,1.1456709474674032,1.5712682379349086,0.0
2026-01-01,50.84199999999999,16.90446281154392,3.199260812937399,-15.980826230546686,1.0022763118142803,1.1176977313979006,44.67048161658569,0.6765,7.456822133253683,0.3660750311505226,14.874523128880801,21.025267232626344,-5.3,41.68184671230364,0.9370886912890564,1.4883720930232602,0.0
2026-02-01,50.94799999999999,19.426861008683673,3.563378566622477,-6.0327686311938304,0.9512094886073812,1.3204939681166814,38.79948236920578,0.6542105263157895,7.796477569853133,-0.03450142013839416,15.524055467503572,17.62357978425271,-5.3,48.323266616626185,0.7907630509736086,4.11111111111111,0.0
2026-03-01,50.98700000000001,7.093454077143435,-4.741327049570843,41.79911185391123,0.8379274512117951,1.4465366696510782,28.686697739871537,0.5313636363636364,5.008742001603716,-0.8319410038225888,16.33454040865847,25.946785656663174,-5.3,33.09089693469558,0.7298468298041039,6.726457399103136,0.0
2026-04-01,50.977,-3.216675597724028,-1.84043911618621,72.14113261269985,0.8527620037278838,1.9297371329496238,40.53325058445445,0.52,4.1113852065501995,-0.10630485789127878,29.44751340040954,44.28983257926227,-8.1,49.75894148375526,0.8448245026387413,7.973421926910296,0.0
2026-05-01,50.943749999999994,-4.8874384184072195,-3.2370906254423404,66.22883912961464,0.8943886571518174,1.9634790637192496,41.76761479855309,0.489,2.9123050053141197,0.21666287356099106,28.221542972036097,32.90970153488071,-8.1,54.34046956708536,0.8448245026387413,8.714408973252807,0.0
2026-06-01,50.910249999999984,-4.8874384184072195,-3.2370906254423404,19.531633435815145,0.9004123845371382,1.9459190175203265,37.79305621333202,0.3576190476190476,0.42325731892705054,0.12593087334159103,20.860919543667023,29.82456926288628,-8.1,44.58884476047338,0.8448245026387413,6.903765690376574,0.0
2026-07-01,50.910249999999984,-4.8874384184072195,-3.2370906254423404,8.056856084947528,0.9685913885252225,1.7826470200056235,37.79305621333202,0.3664705882352941,-0.4791756418240256,0.26367503599313474,16.919448410934514,31.620534891840624,,32.96988486704837,,7.750188111361922,0.0
